作者,看板,標題,日期,內文,推文數,噓文數,箭頭留言數,連結,留言資訊
monkkeywom (キラ),Bank_Service,[情報] 星展digibank首登最高領200＋新舊戶抽獎,Thu Feb  1 20:46:29 2024,"去年底就有看過這活動，好像有名額限制
發現到3月都還有，之前沒領過的可以趕快登入看看
一樣是首次登入app送小七100購物金，有申請電子帳單多送100

抽獎的部分就不限新舊戶，週登入跟月登入有送王品餐券跟雄獅旅遊金
然後期間登入還有一個萬中選一的100,000多選福利即享券，可用的地方比較多
就加減拼拼看人品吧～～

--",5,0,0,https://www.ptt.cc/bbs/Bank_Service/M.1706791591.A.FE3.html,"[{""type"": ""推"", ""user"": ""yamiyami"", ""content"": ""有拿到首次app的100"", ""ipdatetime"": ""02/02 01:29""}, {""type"": ""推"", ""user"": ""skye11"", ""content"": ""之前有領過了 還是推個～抽獎就碰碰運氣"", ""ipdatetime"": ""02/02 13:40""}, {""type"": ""推"", ""user"": ""autumn0121"", ""content"": ""有領過+1"", ""ipdatetime"": ""02/02 14:22""}, {""type"": ""推"", ""user"": ""bigsara"", ""content"": ""原本看這活動好像到去年底而已，後來又延長到3月"", ""ipdatetime"": ""02/02 17:42""}, {""type"": ""推"", ""user"": ""pippen2002"", ""content"": ""首次登入app?? 誰還0登入過?"", ""ipdatetime"": ""02/02 20:51""}]"
calmness26 (一顆蘋果),Bank_Service,[情報] 中信銀APP連結icashPay新戶最高贈100點,Fri Feb  2 15:55:45 2024,"中信Home Bank APP銀行存款帳戶連結icash Pay贈OPENPOINT點數
新舊戶分開整理比較清楚

【icashPay新戶】
※註冊禮：由中國信託銀行Home Bank APP內完成新註冊icash Pay並連結中國信託銀行存
款帳戶(完成啟用)，贈50點OPENPOINT。(活動期間每戶限贈乙次，限量前10,000名。)

※消費禮：註冊完後任一筆消費再贈50點OPENPOINT。
https://i.imgur.com/AjIPIkY.jpg
【icashPay舊戶】
※好友禮：由中國信託銀行Home Bank APP內完成「連結icash Pay會員」者，贈20點
OPENPOINT，(已符合活動「新戶好禮」資格者，不得再參加本活動。)(活動期間每戶限贈
乙次，限量前17,300名。)

※首連滿額禮：首次連結中國信託銀行存款帳戶直扣消費單筆200元(含)以上贈77點
OPENPOINT(活動限量1,700名。)

【icash2.0】
持 icash2.0 (需完成指定條件設定) 至 7-ELEVEN 實體門市消費產生自動加值贈77點
OPENPOINT(活動限量500名。)

https://i.imgur.com/a92NCNB.jpg
https://i.imgur.com/8e3Cq9s.jpg
活動連結：https://www.icashpay.com.tw/event/maji/index.html


--",10,0,5,https://www.ptt.cc/bbs/Bank_Service/M.1706860550.A.9E4.html,"[{""type"": ""推"", ""user"": ""abccbaandy"", ""content"": ""看這篇才想到，之前綁openpoint的免手續費都沒給..."", ""ipdatetime"": ""02/02 16:03""}, {""type"": ""推"", ""user"": ""i23421713"", ""content"": ""謝謝分享～"", ""ipdatetime"": ""02/02 16:46""}, {""type"": ""→"", ""user"": ""kevenshih"", ""content"": ""上一批的今天入帳"", ""ipdatetime"": ""02/02 17:35""}, {""type"": ""推"", ""user"": ""lf850202"", ""content"": ""看來新戶最多177點 舊戶最多97點"", ""ipdatetime"": ""02/02 17:58""}, {""type"": ""推"", ""user"": ""jason83713"", ""content"": ""請問app內要怎麼連結icashpay？"", ""ipdatetime"": ""02/02 20:34""}, {""type"": ""→"", ""user"": ""pippen2002"", ""content"": ""+1  +1"", ""ipdatetime"": ""02/02 20:52""}, {""type"": ""推"", ""user"": ""iamhsg"", ""content"": ""請問首連滿額禮線上儲星巴克算嗎？"", ""ipdatetime"": ""02/02 21:26""}, {""type"": ""推"", ""user"": ""iamhsg"", ""content"": ""欸！首連滿額活動2023/11/24就開始，該不會早滿了吧？@@"", ""ipdatetime"": ""02/02 21:34""}, {""type"": ""→"", ""user"": ""iamhsg"", ""content"": ""”"", ""ipdatetime"": ""02/02 21:34""}, {""type"": ""→"", ""user"": ""iamhsg"", ""content"": ""畢竟才1700名"", ""ipdatetime"": ""02/02 21:34""}, {""type"": ""推"", ""user"": ""h67568611"", ""content"": ""活動連結內有教學"", ""ipdatetime"": ""02/02 22:01""}, {""type"": ""推"", ""user"": ""aaa856262"", ""content"": ""要從中信連結去icashpay註冊 才有50點"", ""ipdatetime"": ""02/02 22:45""}, {""type"": ""推"", ""user"": ""pippen2002"", ""content"": ""那算了！給大家機會吧"", ""ipdatetime"": ""02/03 00:18""}, {""type"": ""推"", ""user"": ""BabyWolf"", ""content"": ""首連活動二icash加值送77的12月刷已入帳+1 代售郵票沒排"", ""ipdatetime"": ""02/03 01:53""}, {""type"": ""→"", ""user"": ""BabyWolf"", ""content"": ""除 #1bQNZHYj (MobilePay) 不過據說代收刷不過"", ""ipdatetime"": ""02/03 01:54""}]"
jackloutter (Clarkson),Bank_Service,[新聞] 月初＋農曆年前資料大塞車 郵局系統上午被塞爆,Fri Feb  2 20:27:36 2024,"月初＋農曆年前資料大塞車 郵局系統上午被塞爆
https://www.ctee.com.tw/news/20240202700899-431401
2024.02.02  11:40  中時即時 陳祐誠

https://images.ctee.com.tw/newsphoto/2024-02-02/1024/20240202700900.jpg
中華郵政公司有344間郵局一早出現連線交易緩慢情況，郵局調查後發現是大量資料湧進
資料庫所致。（本報資料照）

中華郵政公司有344間郵局一早出現連線交易緩慢情況，郵局調查後發現是大量資料湧進
資料庫所致，異常已於上午10時許排除，推測是月初加上農曆過年前，有許多帳務資料要
輸入系統所致。

中華郵政表示，今日上午8時35分起，全台1296間郵局，有344間郵局因使用同一系統，陸
續反映窗口交易回應緩慢，經研判係因資料庫大量資料湧入所致。

中華郵政強調並無當機情況，而公司其他服務管道如ATM、e動郵局APP、網路郵局等服務
，均運作正常，不受影響。異常情況後續於10時5分排除，窗口作業均恢復正常。

據悉，郵局月初的交易量本來就比較大，加上農曆年前，不少客戶要提前整理帳務，可能
是因次才塞爆系統。


--",1,1,2,https://www.ptt.cc/bbs/Bank_Service/M.1706876858.A.781.html,"[{""type"": ""→"", ""user"": ""abccbaandy"", ""content"": ""反觀英國(？"", ""ipdatetime"": ""02/02 20:34""}, {""type"": ""推"", ""user"": ""brokeback"", ""content"": ""忙著綁支付送洗碗精？"", ""ipdatetime"": ""02/02 22:10""}, {""type"": ""→"", ""user"": ""flypenguin"", ""content"": ""沒事沒事，郵局交通部管的，金管會罰不到錢。"", ""ipdatetime"": ""02/02 22:20""}, {""type"": ""噓"", ""user"": ""bonba"", ""content"": ""那麼爛還有人用"", ""ipdatetime"": ""02/03 00:36""}]"
eubrgbf (叢雨廚),Bank_Service,[問題] 華南能否線上設定「本人」約定帳號,Fri Feb  2 21:03:50 2024,"不好意思 需要大家求助
小弟有購入一些美金 想換匯成台幣
但App顯示沒有設約定帳號
請問有辦法用網銀讀卡機設定本人的華銀台幣帳號 作為「約定帳號」嗎
很懶的再跑一趟臨櫃

https://i.imgur.com/K7RepXN.jpg






--",2,0,24,https://www.ptt.cc/bbs/Bank_Service/M.1706879032.A.CBD.html,"[{""type"": ""推"", ""user"": ""aljust12"", ""content"": ""大額只能臨櫃 線上約定要臨櫃申請 但額度等同非約定"", ""ipdatetime"": ""02/02 21:14""}, {""type"": ""→"", ""user"": ""aljust12"", ""content"": ""不超過20萬用非約定就好 超過不管如何你還是要臨櫃"", ""ipdatetime"": ""02/02 21:15""}, {""type"": ""→"", ""user"": ""alex1973"", ""content"": ""自己看吧: https://bit.ly/3SrxJT8"", ""ipdatetime"": ""02/02 21:16""}, {""type"": ""→"", ""user"": ""alex1973"", ""content"": ""看限制這麼多, 但是不曉得你需求怎樣, 撞到哪個限制就跑"", ""ipdatetime"": ""02/02 21:17""}, {""type"": ""→"", ""user"": ""alex1973"", ""content"": ""一次銀行全部解決"", ""ipdatetime"": ""02/02 21:18""}, {""type"": ""→"", ""user"": ""eubrgbf"", ""content"": ""您好 不好意思 我只是想綁自己的台幣帳號 作為把外幣換回"", ""ipdatetime"": ""02/02 21:21""}, {""type"": ""→"", ""user"": ""eubrgbf"", ""content"": ""台幣使用 應該可以線上約定自己的帳號嗎"", ""ipdatetime"": ""02/02 21:21""}, {""type"": ""→"", ""user"": ""eubrgbf"", ""content"": ""因為現在我網銀沒辦法美金換回台幣 它叫我要設定台幣轉入"", ""ipdatetime"": ""02/02 21:23""}, {""type"": ""→"", ""user"": ""eubrgbf"", ""content"": ""帳號 我能不能線上讀卡機設定自己的帳戶哇 一天10萬其實"", ""ipdatetime"": ""02/02 21:23""}, {""type"": ""→"", ""user"": ""eubrgbf"", ""content"": ""很夠用了"", ""ipdatetime"": ""02/02 21:23""}, {""type"": ""→"", ""user"": ""ken840419"", ""content"": ""設定自己的帳號也要去臨櫃唷"", ""ipdatetime"": ""02/02 21:23""}, {""type"": ""→"", ""user"": ""alex1973"", ""content"": ""Google \""華南 bank 3.0\"""", ""ipdatetime"": ""02/02 21:24""}, {""type"": ""→"", ""user"": ""alex1973"", ""content"": ""行不行你試看看, 我自己試用過其他家 bank 3.0, 但是華"", ""ipdatetime"": ""02/02 21:25""}, {""type"": ""→"", ""user"": ""alex1973"", ""content"": ""南沒用過"", ""ipdatetime"": ""02/02 21:25""}, {""type"": ""→"", ""user"": ""eubrgbf"", ""content"": ""我看他文章好像寫可以設定自己的本行帳號 作為台幣轉入帳"", ""ipdatetime"": ""02/02 21:27""}, {""type"": ""→"", ""user"": ""eubrgbf"", ""content"": ""號嗎"", ""ipdatetime"": ""02/02 21:27""}, {""type"": ""→"", ""user"": ""eubrgbf"", ""content"": ""https://i.imgur.com/AuHGRz3.jpg"", ""ipdatetime"": ""02/02 21:29""}, {""type"": ""→"", ""user"": ""alex1973"", ""content"": ""我也是看覺得可能可以, 但是你這又牽涉台外幣之間, 所以"", ""ipdatetime"": ""02/02 21:32""}, {""type"": ""→"", ""user"": ""alex1973"", ""content"": ""我才說你自己試看看, 有沒有好消息都歡迎分享給其他人知"", ""ipdatetime"": ""02/02 21:33""}, {""type"": ""→"", ""user"": ""alex1973"", ""content"": ""道"", ""ipdatetime"": ""02/02 21:33""}, {""type"": ""→"", ""user"": ""aljust12"", ""content"": ""文章要全部看完 就問 你有申請過線上約定嗎? 沒有就臨櫃"", ""ipdatetime"": ""02/02 21:38""}, {""type"": ""→"", ""user"": ""aljust12"", ""content"": ""單日沒摻過10萬 常用帳號=非約定=線上約定而度就很好用"", ""ipdatetime"": ""02/02 21:41""}, {""type"": ""推"", ""user"": ""temu2015"", ""content"": ""華南最天才的是連設定常用帳號都要插金融卡……"", ""ipdatetime"": ""02/02 21:43""}, {""type"": ""→"", ""user"": ""theholyice"", ""content"": ""要臨櫃開通，而且要一起申請提高約定帳戶轉帳上限，"", ""ipdatetime"": ""02/03 00:02""}, {""type"": ""→"", ""user"": ""theholyice"", ""content"": ""不然一次最多只能5萬…就算本人也一樣，這點超擾民害"", ""ipdatetime"": ""02/03 00:02""}, {""type"": ""→"", ""user"": ""theholyice"", ""content"": ""我跑兩趟"", ""ipdatetime"": ""02/03 00:02""}]"
kedine (雀榕),Bank_Service,[情報]  永豐DAWHO龍年匯好運 換匯抽日幣、switc,Fri Feb  2 21:11:30 2024,"活動內容：龍年匯好運活動不限幣別換匯5000就能抽獎，50000抽switch、Airpods pro
活動對象：DAWHO 數位帳戶客戶
活動詳情：https://ppt.cc/fsg4Ex

大戶日幣換匯優惠0.06分、優利定存7天期7.05%、14天期3.5%、1個月期1.65%、2個月期0
.8%

4月要去日本玩，預計會換3萬台幣，沒花完也可以留到下次用，加上有短天期的高利定存
，等於是可以拿利息+抽獎～



--",2,0,1,https://www.ptt.cc/bbs/Bank_Service/M.1706879492.A.F0C.html,"[{""type"": ""推"", ""user"": ""lynnlelia071"", ""content"": ""大戶趁禮拜三換匯額度比較划算，剛好之後要出國多"", ""ipdatetime"": ""02/02 22:24""}, {""type"": ""→"", ""user"": ""lynnlelia071"", ""content"": ""換一些起來，感謝樓主分享抽獎活動"", ""ipdatetime"": ""02/02 22:24""}, {""type"": ""推"", ""user"": ""kkkk1234"", ""content"": ""提醒一下 任務一要單筆5千 任務二可以累積5萬"", ""ipdatetime"": ""02/02 22:40""}]"
TZUYIC (Je T'aime Celine Dion),Bank_Service,[分享] 七大行庫等／五大外銀優惠匯率比較＆常見問答整理,Wed May  4 02:00:21 2011,"文章使用：作者僅刊登於PTT銀行板（Bank_Service）及PTT外匯板（ForeignEX），請勿
          轉載他處；作者不同意非本人轉載至任何其他看板或網路空間（因為本文未來
          將持續更新，故不希望舊版的文章到處傳播；若讀者您想介紹本文給朋友，煩
          請他直接至銀行板閱讀，謝謝配合。

作者ＯＳ：很久之前就想寫這篇文章，但由於工程太大，實在很懶得動筆，不過一直拖下
          去也不是辦法，還是早點寫一寫，以後再慢慢修改。

標題解釋：因為標題空間有限，只能以最精簡的方式描述，故在此解釋：七大行庫為臺灣
          銀行、臺灣土地銀行、合作金庫銀行、第一銀行、華南銀行、彰化銀行（一銀
          、華銀、彰銀合稱三商銀）及臺灣中小企業銀行；五大外銀在這篇文章中定義
          為花旗（臺灣）銀行、滙豐（臺灣）銀行、渣打銀行、澳盛銀行與星展銀行（
          雖然部分外銀已完成在地化成為外銀之在臺子行，但文章中還是當成外銀）；
          「等」字定義為作者有興趣加入討論除七大行庫及五大外銀之外的銀行；常見
          問答將整理一些板友常問的問題或常遇到的狀況。

文章摘要：本文主要比較標題這幾間行庫的「即期」牌告匯率原始匯差、於網路銀行交易
          （即新臺幣結購成外幣或外幣結售成新臺幣）所享有的匯率優惠和優惠後的實
          際匯差，最後再整理一些常見問題之解答；作者盡可能取得官方提供的公開資
          訊作為討論依據，以避免誤差發生，所有即期匯率取得時間為2011年04月26日
          之銀行營業時間。

          註：本文討論範圍侷限在即期匯率，因此現鈔匯率（或現金匯率）不在匯率比
              較的範圍內。

文章目錄：第一部分：十五家銀行之即期牌告匯率原始匯差比較
          第二部分：利用網路銀行進行外匯交易可享有之牌告匯率優惠幅度
          第三部分：客戶於網路銀行進行外匯交易所忍受之實際匯差
          第四部分：外匯常見《問與答》

******************************************************************************

第一部分：十五家銀行之即期牌告匯率原始匯差比較

          （註：原始匯差最低者將以粉紅色標明之）

《美金 USD》

臺灣銀行   土地銀行   合庫金庫   第一銀行   華南銀行   彰化銀行   臺灣企銀
   0.1        0.1        0.1        0.1        0.1        0.1        0.1

玉山銀行   兆豐銀行   聯邦銀行   永豐銀行
   0.1        0.1        0.1       0.095^
                                       ¯
花旗銀行   滙豐銀行   渣打銀行   澳盛銀行   星展銀行
0.0823或      0.1       0.12        0.1        0.1
0.0862或
0.0851或
0.0841或
… … …
 （註1）

註1：花旗銀行的匯差為浮動、不固定的，因此匯差於每次牌告匯率更新後都不相同；本文
     之後若出現浮動匯差者，將以「… … …」表示匯差數值隨時間而變動。

  ^：永豐銀行的匯差為浮動，若某數值下加「底線」代表該處數值將隨時間而變動；若匯
     差以連字符號（-，hyphen）表示，代表該匯差為一個變動區間，沒有特定的數值。

《歐元 EUR》

臺灣銀行   土地銀行   合庫金庫   第一銀行   華南銀行   彰化銀行   臺灣企銀
   0.4       0.36       0.38        0.4        0.4        0.4        0.4

玉山銀行   兆豐銀行   聯邦銀行   永豐銀行
   0.4        0.4        0.2     .34-.35^

花旗銀行   滙豐銀行   渣打銀行   澳盛銀行   星展銀行
0.3082或   0.50444或    0.36        0.4       0.39
0.3123或   0.50548或
0.3100或   … … …
0.3081或    （註2）
… … …

註2：滙豐銀行的匯差也是浮動式。

《英鎊 GBP》

臺灣銀行   土地銀行   合庫金庫   第一銀行   華南銀行   彰化銀行   臺灣企銀
  0.42        0.4        0.4        0.4        0.4        0.4        0.4

玉山銀行   兆豐銀行   聯邦銀行   永豐銀行
   0.4        0.4        0.4     .27-.28^

花旗銀行   滙豐銀行   渣打銀行   澳盛銀行   星展銀行
0.4465或   0.57220或     0.4       0.46     .48-.49#
0.4530或   0.57215或
0.4514或   … … …
0.4499或
… … …

《澳幣 AUD》

臺灣銀行   土地銀行   合庫金庫   第一銀行   華南銀行   彰化銀行   臺灣企銀
  0.23        0.2        0.2        0.2        0.2        0.2        0.2

玉山銀行   兆豐銀行   聯邦銀行   永豐銀行
   0.2        0.2        0.2       0.184^
                                       ¯
花旗銀行   滙豐銀行   渣打銀行   澳盛銀行   星展銀行
0.1968或   0.49492或    0.28        0.4     .28-.29#
0.2038或   0.49530或
0.2028或   … … …
0.2018或
… … …

《紐西蘭幣 NZD》

臺灣銀行   土地銀行   合庫金庫   第一銀行   華南銀行   彰化銀行   臺灣企銀
   0.2        0.2        0.2        0.2        0.2        0.2        0.2

玉山銀行   兆豐銀行   聯邦銀行   永豐銀行
  0.24        0.2        0.2     .15-.16^

花旗銀行   滙豐銀行   渣打銀行   澳盛銀行   星展銀行
0.2640或   0.36996或    0.28        0.4     .28-.29#
0.2729或   0.37089或
0.2721或   … … …
0.2742或
… … …

《瑞士法郎 CHF》

臺灣銀行   土地銀行   合庫金庫   第一銀行   華南銀行   彰化銀行   臺灣企銀
   0.29*      0.2        0.2        0.2        0.2        0.2        0.2


玉山銀行   兆豐銀行   聯邦銀行   永豐銀行
   0.2        0.2        0.2       0.218^
                                       ¯
花旗銀行   滙豐銀行   渣打銀行   澳盛銀行   星展銀行
0.2291或   0.39303或     0.2        0.2     .24-.25#
0.2228或   0.39305或
0.2200或   … … …
0.2211或
… … …

《日圓 JPY》

臺灣銀行   土地銀行   合庫金庫   第一銀行   華南銀行   彰化銀行   臺灣企銀
  0.004      0.004      0.004      0.004      0.004      0.004      0.004

玉山銀行   兆豐銀行   聯邦銀行   永豐銀行
  0.004      0.0041     0.004     0.0033^
                                       ¯
花旗銀行   滙豐銀行   渣打銀行   澳盛銀行   星展銀行
0.0042或   0.0056602    0.004      0.008      0.0041
… … …      或
           0.0056643
              或
           … … …

《加拿大幣 CAD》

臺灣銀行   土地銀行   合庫金庫   第一銀行   華南銀行   彰化銀行   臺灣企銀
  0.22       0.18        0.2        0.2        0.2        0.2        0.2

玉山銀行   兆豐銀行   聯邦銀行   永豐銀行
  0.18        0.2       0.18       0.192^
                                       ¯
花旗銀行   滙豐銀行   渣打銀行   澳盛銀行   星展銀行
0.2413或   0.48498或    0.26        0.3     .26-.27#
0.2420或   0.48526或
0.2378或   … … …
0.2401或
… … …

《瑞典克朗 SEK》

臺灣銀行   土地銀行   合庫金庫   第一銀行   華南銀行   彰化銀行   臺灣企銀
   0.1       0.06       0.08        0.1        0.1        0.1        0.1

玉山銀行   兆豐銀行   聯邦銀行   永豐銀行
  0.06        0.1        N/A       0.077^
                                       ¯
花旗銀行   滙豐銀行   渣打銀行   澳盛銀行   星展銀行
0.0897或   0.07565或     N/A        0.1        N/A
0.0892或   0.07589或                         （註3）
0.0879或   … … …
0.0888或
… … …

註3：N/A表示「Not Available」；無此掛牌外幣，故匯率不可得。

《南非蘭特 ZAR》

臺灣銀行   土地銀行   合庫金庫   第一銀行   華南銀行   彰化銀行   臺灣企銀
   0.1        0.1        0.1        0.1        0.1        0.1        0.1

玉山銀行   兆豐銀行   聯邦銀行   永豐銀行
  0.12       0.12       0.16       0.089^
                                       ¯
花旗銀行   滙豐銀行   渣打銀行   澳盛銀行   星展銀行
0.0615或      N/A       0.08        N/A        N/A
0.0596或
0.0570或
0.0569或
… … …

《新加坡幣 SGD》

臺灣銀行   土地銀行   合庫金庫   第一銀行   華南銀行   彰化銀行   臺灣企銀
  0.18       0.16       0.18        0.2        0.2        0.2       0.18

玉山銀行   兆豐銀行   聯邦銀行   永豐銀行
  0.16       0.18       0.18       0.179^
                                       ¯
花旗銀行   滙豐銀行   渣打銀行   澳盛銀行   星展銀行
0.2227或   0.37454或     0.2       0.26     .159-.16#
0.2239或   0.37428或
0.2212或   … … …
0.2281或
… … …

《港幣 HKD》

臺灣銀行   土地銀行   合庫金庫   第一銀行   華南銀行   彰化銀行   臺灣企銀
  0.06       0.06       0.046      0.06       0.06       0.05       0.06

玉山銀行   兆豐銀行   聯邦銀行   永豐銀行
  0.06       0.06       0.06      0.0369^
                                      ¯
花旗銀行   滙豐銀行   渣打銀行   澳盛銀行   星展銀行
0.0535或   0.04468或    0.06        0.1     .059-.06#
0.0541或   0.04464或
0.0540或   … … …
0.0538或
… … …

《泰銖 THB》

臺灣銀行   土地銀行   合庫金庫   第一銀行   華南銀行   彰化銀行   臺灣企銀
  0.04       0.05       0.042      0.045     0.0395      0.04       0.036

玉山銀行   兆豐銀行   聯邦銀行   永豐銀行
  0.04       0.042       N/A       0.032^
                                       ¯
花旗銀行   滙豐銀行   渣打銀行   澳盛銀行   星展銀行
0.0311或      N/A       0.04       0.02       0.023
0.0338或
0.0340或
… … …

《澳門帕塔卡 MOP》

永豐銀行
 0.0778^
      ¯
------------------------------------------------------------------------------

【牌告匯率原始匯差取得來源】

01. 臺灣銀行：http://tinyurl.com/3qrjsq9（2011年04月26日上午11時36分）
              http://tinyurl.com/44yn455（2011年06月01日上午11時08分）
              http://tinyurl.com/427u9km（2011年06月08日上午10時00分）
              http://tinyurl.com/3stdl87（2011年08月10日上午10時00分）*

02. 土地銀行：http://tinyurl.com/3w6woho（2011年04月26日上午11時30分01秒）

03. 合作金庫：http://tinyurl.com/3sd74tm（2011年04月26日上午11時39分39秒）

04. 第一銀行：http://tinyurl.com/3fwzhmv（2011年04月26日上午11時33分04秒）

05. 華南銀行：http://tinyurl.com/3fuf7s8（2011年04月26日上午11時45分45秒）

06. 彰化銀行：http://tinyurl.com/3j6z8tn（2011年04月26日上午11時36分06秒）

07. 臺灣企銀：http://tinyurl.com/43qz24h（2011年04月26日上午11時33分）

08. 玉山銀行：http://tinyurl.com/427wcmr（2011年04月26日上午11時50分52秒）

09. 兆豐銀行：http://tinyurl.com/3nytk4q（2011年04月26日上午11時36分）

10. 聯邦銀行：http://tinyurl.com/3syrnbd（2011年04月26日上午11時12分）

11. 永豐銀行：http://tinyurl.com/45274lm（2011年06月28日上午10時00分00秒）^
              http://tinyurl.com/3hhsrkh（2011年06月28日上午10時08分00秒）^
              http://tinyurl.com/3ju7orj（2011年06月28日上午10時36分00秒）^
              http://tinyurl.com/3eu3oym（2011年06月28日上午11時46分30秒）^

12. 花旗銀行：http://tinyurl.com/3zm5o9p（2011年04月26日上午11時36分）---本表為
                                         本文第一部分之花旗銀行各幣別第一個匯差
                                         數值取得來源

              http://tinyurl.com/4xrxh7j（2011年04月26日下午03時22分）---本表為
                                         本文第一部分之花旗銀行各幣別第二個匯差
                                         數值取得來源

              http://tinyurl.com/3o55rax（2011年04月26日下午03時26分）---本表為
                                         本文第一部分之花旗銀行各幣別第三個匯差
                                         數值取得來源

              http://tinyurl.com/3hfmh5r（2011年04月26日下午03時27分）---本表為
                                         本文第一部分之花旗銀行各幣別第四個匯差
                                         數值取得來源

13. 滙豐銀行：http://tinyurl.com/3q4pfv2（2011年04月26日下午12時06分）---本表為
                                         本文第一部分之滙豐銀行各幣別第一個匯差
                                         數值取得來源

              http://tinyurl.com/3zjo8s6（2011年04月26日下午03時28分）---本表為
                                         本文第一部分之滙豐銀行各幣別第二個匯差
                                         數值取得來源

14. 渣打銀行：http://tinyurl.com/3seba26（2011年04月26日上午11時56分00秒）

15. 澳盛銀行：http://tinyurl.com/3ndpmrp（2011年04月26日上午11時45分00秒）

16. 星展銀行：http://tinyurl.com/3swdkuc（2011年04月26日上午11時50分）
              http://tinyurl.com/3zqp3ns（2011年06月16日下午02時20分）#
              http://tinyurl.com/3k37bhy（2011年06月16日下午02時35分）#
              http://tinyurl.com/3b4f88d（2011年06月16日下午03時20分）#

******************************************************************************

第二部分：利用網路銀行進行外匯交易可享有之牌告匯率優惠幅度
《美金 USD》

臺灣銀行   土地銀行   合庫金庫   第一銀行   華南銀行   彰化銀行   臺灣企銀
一般客戶     0.03元     0.03元     0.03元     0.03元     0.03元     0.03元
   3分
財富管理
  3.5分

玉山銀行   兆豐銀行   聯邦銀行   永豐銀行
   3分       0.03元      2分      （註4）

花旗銀行   滙豐銀行   渣打銀行   澳盛銀行   星展銀行
   無         無         2分        無         無

註4：永豐銀行網路銀行外匯交易（結購、結售）目前不提供匯率優惠，但由電話語音服務
     換匯則提供匯率優惠，優惠匯率計算公式見第三部分。

《歐元 EUR》

臺灣銀行   土地銀行   合庫金庫   第一銀行   華南銀行   彰化銀行   臺灣企銀
一般客戶     0.05元     0.03元     0.08元     0.06元     0.04元     0.03元
  0.2%
財富管理
  0.25%

玉山銀行   兆豐銀行   聯邦銀行   永豐銀行
  1.2角      0.1元       2分      （註4）

花旗銀行   滙豐銀行   渣打銀行   澳盛銀行   星展銀行
   無         無         無         無         無

《英鎊 GBP》

臺灣銀行   土地銀行   合庫金庫   第一銀行   華南銀行   彰化銀行   臺灣企銀
一般客戶     0.05元      無        0.08元     0.05元     0.04元      無
  0.2%
財富管理
  0.25%

玉山銀行   兆豐銀行   聯邦銀行   永豐銀行
   1角       0.05元      無       （註4）

花旗銀行   滙豐銀行   渣打銀行   澳盛銀行   星展銀行
   無         無         無         無         無

《澳幣 AUD》

臺灣銀行   土地銀行   合庫金庫   第一銀行   華南銀行   彰化銀行   臺灣企銀
一般客戶     0.02元     0.02元     0.04元     0.02元     0.02元     0.03元
  0.2%
財富管理
  0.25%

玉山銀行   兆豐銀行   聯邦銀行   永豐銀行
   5分       0.05元      無       （註4）

花旗銀行   滙豐銀行   渣打銀行   澳盛銀行   星展銀行
   無         無         無         無         無

《紐西蘭幣 NZD》

臺灣銀行   土地銀行   合庫金庫   第一銀行   華南銀行   彰化銀行   臺灣企銀
一般客戶     0.02元     0.02元    0.025元     0.02元     0.02元     0.02元
  0.2%
財富管理
  0.25%

玉山銀行   兆豐銀行   聯邦銀行   永豐銀行
   5分       0.05元      無       （註4）

花旗銀行   滙豐銀行   渣打銀行   澳盛銀行   星展銀行
   無         無         無         無         無

《瑞士法郎 CHF》

臺灣銀行   土地銀行   合庫金庫   第一銀行   華南銀行   彰化銀行   臺灣企銀
一般客戶     0.02元      無        0.05元      無        0.02元      無
  0.2%
財富管理
  0.25%

玉山銀行   兆豐銀行   聯邦銀行   永豐銀行
   5分        無         無       （註4）

花旗銀行   滙豐銀行   渣打銀行   澳盛銀行   星展銀行
   無         無         無         無         無

《日圓 JPY》

臺灣銀行   土地銀行   合庫金庫   第一銀行   華南銀行   彰化銀行   臺灣企銀
一般客戶    0.001元    0.001元   0.0014元   0.0007元   0.0007元   0.0003元
  0.2%
財富管理
  0.25%

玉山銀行   兆豐銀行   聯邦銀行   永豐銀行
  0.1分     0.001元      無       （註4）

花旗銀行   滙豐銀行   渣打銀行   澳盛銀行   星展銀行
   無         無         無         無         無

《加拿大幣 CAD》

臺灣銀行   土地銀行   合庫金庫   第一銀行   華南銀行   彰化銀行   臺灣企銀
一般客戶     0.02元      無        0.06元     0.02元     0.02元      無
  0.2%
財富管理
  0.25%

玉山銀行   兆豐銀行   聯邦銀行   永豐銀行
   5分       0.05元      無       （註4）

花旗銀行   滙豐銀行   渣打銀行   澳盛銀行   星展銀行
   無         無         無         無         無

《瑞典克朗 SEK》

臺灣銀行   土地銀行   合庫金庫   第一銀行   華南銀行   彰化銀行   臺灣企銀
一般客戶      無         無        0.03元     0.01元     0.01元      無
  0.2%
財富管理
  0.25%

玉山銀行   兆豐銀行   聯邦銀行   永豐銀行
   1分        無         無       （註4）

花旗銀行   滙豐銀行   渣打銀行   澳盛銀行   星展銀行
   無         無         無         無         無

《南非蘭特 ZAR》

臺灣銀行   土地銀行   合庫金庫   第一銀行   華南銀行   彰化銀行   臺灣企銀
一般客戶     0.01元     0.01元     0.01元     0.01元     0.01元    0.012元
  0.2%
財富管理
  0.25%

玉山銀行   兆豐銀行   聯邦銀行   永豐銀行
   3分        無         無       （註4）

花旗銀行   滙豐銀行   渣打銀行   澳盛銀行   星展銀行
   無         無         無         無         無

《新加坡幣 SGD》

臺灣銀行   土地銀行   合庫金庫   第一銀行   華南銀行   彰化銀行   臺灣企銀
一般客戶     0.02元      無        0.05元     0.02元     0.02元      無
  0.2%
財富管理
  0.25%

玉山銀行   兆豐銀行   聯邦銀行   永豐銀行
   4分       0.03元      無       （註4）

花旗銀行   滙豐銀行   渣打銀行   澳盛銀行   星展銀行
   無         無         無         無         無

《港幣 HKD》

臺灣銀行   土地銀行   合庫金庫   第一銀行   華南銀行   彰化銀行   臺灣企銀
一般客戶     0.01元     0.01元    0.015元     0.01元    0.006元    0.003元
  0.2%
財富管理
  0.25%

玉山銀行   兆豐銀行   聯邦銀行   永豐銀行
   2分       0.01元      無       （註4）

花旗銀行   滙豐銀行   渣打銀行   澳盛銀行   星展銀行
   無         無         無         無         無

《泰銖 THB》

臺灣銀行   土地銀行   合庫金庫   第一銀行   華南銀行   彰化銀行   臺灣企銀
一般客戶      無         無         無       0.005元    0.002元      無
  0.2%
財富管理
  0.25%

玉山銀行   兆豐銀行   聯邦銀行   永豐銀行
   無         無         無       （註4）

花旗銀行   滙豐銀行   渣打銀行   澳盛銀行   星展銀行
   無         無         無         無         無

《澳門帕塔卡 MOP》

永豐銀行
 （註4）

------------------------------------------------------------------------------

【牌告匯率優惠幅度取得來源】

01. 臺灣銀行：http://tinyurl.com/2dcwf45（網路銀行相關優惠方案）

              http://tinyurl.com/2gysgk （網路銀行相關優惠方案）

              http://tinyurl.com/3km22l4（臺銀財富管理）

02. 土地銀行：http://tinyurl.com/ygs55fk（網路銀行外幣交易結匯優惠活動）

              http://tinyurl.com/44gt6tz（網路銀行外幣交易結匯優惠活動.PDF）

03. 合作金庫：http://tinyurl.com/3b2gcka（匯率加減碼優惠，較新版）

              http://tinyurl.com/3bvm8la（匯率加減碼優惠，舊版）

04. 第一銀行：http://tinyurl.com/4xu8ah5（第一銀行外匯營運處電子郵件回覆）

05. 華南銀行：http://tinyurl.com/3rt6j7f（網路銀行外幣結購結售優待條件）

06. 彰化銀行：http://tinyurl.com/3td3aoo（網路銀行會員獨享～「專屬優匯」活動）
　
　　　　　　　http://tinyurl.com/3ns2elf（外匯網銀交易匯率優惠與限額一覽表）

07. 臺灣企銀：http://tinyurl.com/3lhqr93（「利上加利雙率雙贏」優惠專案）

08. 玉山銀行：http://tinyurl.com/3c4zusb（理財用網銀‧外幣享雙贏）

09. 兆豐銀行：http://tinyurl.com/3hu8ct7（兆豐銀行客服中心電子郵件回覆之一）

              http://tinyurl.com/3hrr4vt（兆豐銀行客服中心電子郵件回覆之二）

10. 聯邦銀行：http://tinyurl.com/3zcrll4（買賣外幣很簡單，申請手續1、2、3）

11. 永豐銀行：與永豐銀行客戶服務中心（0800-088-111）確認過。

12. 花旗銀行、滙豐銀行、渣打銀行、澳盛銀行及星展銀行－

    渣打銀行：http://tinyurl.com/3qe4buz（快報！線上美元換匯優惠2分）

    除了渣打銀行網路銀行交易美金享有優惠外，五大外銀網路銀行之所有幣別均不提供
    匯率優惠（亦即按牌告匯率交易的意思），對此，作者寫文章前已經於銀行營業時間
    播打客服專線一間一間確認過，作者同時詢問客服如何才能享有匯率優惠，銀行告知
    臨櫃大額交易可請理財專員向「交易室」詢問可否給予優惠，因每間銀行對於大額的
    定義不盡相同，約略概述如下：花旗／等值美金15萬元以上、滙豐／新臺幣50萬元以
    上、渣打／逕洽理專、澳盛／等值美金1萬元以上、星展／逕洽理專，實際優惠狀況
    請洽所屬理財專員。

******************************************************************************

第三部分：客戶於網路銀行進行外匯交易所忍受之實際匯差

          （註：實際匯差最低者將以粉紅色標明之；對於一般客戶可享有最低匯差者
          將以綠色標明之）

補充說明：

1分 ＝ 0.01，故 X分 ＝ 0.0X，而 Y.Z分 ＝ 0.0YZ
1角 ＝ 0.10，故 X角 ＝ 0.X0，而 Y.Z角 ＝ 0.YZ

如何計算網路銀行外匯交易之實際匯差，舉例說明如下（以臺灣銀行財富管理為例）：

範例一：

財富管理客戶美金優惠3.5分，即優惠0.035之意；若某日美金即期賣出牌告匯率為28.88，
則網路銀行給予客戶之即期賣出優惠匯率為28.845；若某日美金即期買入牌告匯率為28.78
，則網路銀行給予客戶之即期買入優惠匯率為28.815；故客戶忍受之實際匯差為28.845與
28.815之差值，即0.03。

若以數學式表示：

〈新臺幣結購為美金〉優惠匯率 ＝ 即期賣出牌告匯率 － 0.035 ＝ Ａ

〈美金結售為新臺幣〉優惠匯率 ＝ 即期買入牌告匯率 ＋ 0.035 ＝ Ｂ

          客戶忍受之實際匯差 ＝ Ａ－Ｂ ＝ 原始匯差 － 0.035 ×2

圖一：http://tinyurl.com/3w3sutd（結購美金存入美金存款）

圖二：http://tinyurl.com/3c9mo8s（結售美金存入新臺幣存款）

◎ 對於本文第二部分之各銀行其他幣別，若優惠幅度以X分或X角表示，其優惠匯率計算同
範例一。
範例二：

財富管理客戶雜幣優惠千分之2.5，即優惠0.25%（＝0.0025）［雜幣泛指美金以外的所有
幣別］；若某日歐元即期賣出牌告匯率為42.49，則網路銀行給予客戶之即期賣出優惠匯率
為42.38378；若某日歐元即期買入牌告匯率為42.09，則網路銀行給予客戶之即期買入優惠
匯率為42.19523；故客戶忍受之實際匯差為42.38378與42.19523之差值，即0.18855。

若以數學式表示：

〈新臺幣結購為歐元〉優惠匯率 ＝ 即期賣出牌告匯率 － 即期賣出牌告匯率 ×0.0025
                             ＝ 即期賣出牌告匯率 ×（1－0.0025）
                             ＝ 即期賣出牌告匯率 ×0.9975
                             ＝ Ａ

〈歐元結售為新臺幣〉優惠匯率 ＝ 即期買入牌告匯率 ＋ 即期買入牌告匯率 ×0.0025
                             ＝ 即期買入牌告匯率 ×（1＋0.0025）
　　　　　　　　　　　　　　 ＝ 即期買入牌告匯率 ×1.0025
                             ＝ Ｂ

          客戶忍受之實際匯差 ＝ Ａ－Ｂ

圖三：http://tinyurl.com/3jnv6m2（結購歐元存入歐元存款）

圖四：http://tinyurl.com/3dvj8lr（結購英鎊存入英鎊存款）

圖五：http://tinyurl.com/3gxe6le（結購瑞士法郎存入瑞士法郎存款）
      http://tinyurl.com/3p9ev5n（結購瑞士法郎存入瑞士法郎存款）

圖六：http://tinyurl.com/3eoht7c（結購日圓存入日圓存款）

圖七：http://tinyurl.com/42r3zjh（結購加拿大幣存入加拿大幣存款）

圖八：http://tinyurl.com/3sht76w（結購瑞典克朗存入瑞典克朗存款）

◎ 臺灣銀行網路銀行會將優惠匯率計算至小數點後五位數（由小數點後第六位四捨五入至
   第五位）。

◎ 一般客戶雜幣優惠千分之2，即優惠0.2%（＝0.002），其優惠匯率計算方式同範例二。
範例三：

永豐銀行網路銀行匯率優惠：不提供

永豐銀行電話語音服務優惠匯率（計算公式）：

［（基礎匯率中價－即期賣出或即期買入匯率）×0.1］＋（即期賣出或即期買入匯率）
     ↑                   ↑                                 ↑
  即期牌告      結購用賣出，結售用買入             結購用賣出，結售用買入

------------------------------------------------------------------------------

以下各銀行各幣別之網路銀行外匯交易實際匯差係由本文第一部分「牌告匯率原始匯差」
及第二部分「牌告匯率優惠幅度」合併計算得之。

《美金 USD》

臺灣銀行   土地銀行   合庫金庫   第一銀行   華南銀行   彰化銀行   臺灣企銀
一般客戶     0.04       0.04       0.04       0.04       0.04       0.04
0.04
財富管理
  0.03

玉山銀行   兆豐銀行   聯邦銀行   永豐銀行
  0.04       0.04       0.06       0.095^
                                       ¯
花旗銀行   滙豐銀行   渣打銀行   澳盛銀行   星展銀行
0.0823或      0.1       0.08        0.1        0.1
0.0862或
0.0851或
0.0841或
… … …

《歐元 EUR》

臺灣銀行   土地銀行   合庫金庫   第一銀行   華南銀行   彰化銀行   臺灣企銀
一般客戶     0.26       0.32       0.24       0.28       0.32       0.34
 0.23176
財富管理
 0.1897

玉山銀行   兆豐銀行   聯邦銀行   永豐銀行
  0.16        0.2       0.16     .34-.35^

花旗銀行   滙豐銀行   渣打銀行   澳盛銀行   星展銀行
0.4465或   0.57220或     0.4       0.46       0.39
0.4530或   0.57215或
0.4514或   … … …
0.4499或
… … …

《英鎊 GBP》

臺灣銀行   土地銀行   合庫金庫   第一銀行   華南銀行   彰化銀行   臺灣企銀
一般客戶      0.3        0.4       0.24        0.3       0.32        0.4
 0.22932
財富管理
 0.18165

玉山銀行   兆豐銀行   聯邦銀行   永豐銀行
   0.2        0.3        0.4     .27-.28^

花旗銀行   滙豐銀行   渣打銀行   澳盛銀行   星展銀行
0.4465或   0.57220或     0.4       0.46     .48-.49
0.4530或   0.57215或
0.4514或   … … …
0.4499或
… … …

《澳幣 AUD》

臺灣銀行   土地銀行   合庫金庫   第一銀行   華南銀行   彰化銀行   臺灣企銀
一般客戶     0.16       0.16       0.12       0.16       0.16       0.14
 0.10774
財富管理
 0.07717

玉山銀行   兆豐銀行   聯邦銀行   永豐銀行
   0.1 0.1        0.2       0.184^
                                       ¯
花旗銀行   滙豐銀行   渣打銀行   澳盛銀行   星展銀行
0.1968或   0.49492或    0.28        0.4     .28-.29
0.2038或   0.49530或
0.2028或   … … …
0.2018或
… … …

《紐西蘭幣 NZD》

臺灣銀行   土地銀行   合庫金庫   第一銀行   華南銀行   彰化銀行   臺灣企銀
一般客戶     0.16       0.16       0.15       0.16       0.16       0.16
 0.1074
財富管理
 0.08425

玉山銀行   兆豐銀行   聯邦銀行   永豐銀行
  0.14        0.1        0.2     .15-.16^

花旗銀行   滙豐銀行   渣打銀行   澳盛銀行   星展銀行
0.2640或   0.36996或    0.28        0.4     .28-.29
0.2729或   0.37089或
0.2721或   … … …
0.2742或
… … …

《瑞士法郎 CHF》

臺灣銀行   土地銀行   合庫金庫   第一銀行   華南銀行   彰化銀行   臺灣企銀
一般客戶     0.16        0.2        0.1        0.2       0.16        0.2
0.12998*
財富管理
0.08998*

玉山銀行   兆豐銀行   聯邦銀行   永豐銀行
   0.1        0.2        0.2       0.218^
                                       ¯
花旗銀行   滙豐銀行   渣打銀行   澳盛銀行   星展銀行
0.2291或   0.39303或     0.2        0.2     .24-.25
0.2228或   0.39305或
0.2200或   … … …
0.2211或
… … …

《日圓 JPY》

臺灣銀行   土地銀行   合庫金庫   第一銀行   華南銀行   彰化銀行   臺灣企銀
一般客戶     0.002      0.002 0.0012     0.0026     0.0026     0.0034
 0.00258
財富管理
 0.00223

玉山銀行   兆豐銀行   聯邦銀行   永豐銀行
  0.002     0.0021      0.004     0.0033^
                                       ¯
花旗銀行   滙豐銀行   渣打銀行   澳盛銀行   星展銀行
0.0042或   0.0056602    0.004      0.008     0.0041
… … …      或
           0.0056643
              或
           … … …

《加拿大幣 CAD》

臺灣銀行   土地銀行   合庫金庫   第一銀行   華南銀行   彰化銀行   臺灣企銀
一般客戶     0.14        0.2       0.08       0.16       0.16        0.2
 0.09864
財富管理
 0.0683

玉山銀行   兆豐銀行   聯邦銀行   永豐銀行
  0.08        0.1       0.18       0.192^
                                       ¯
花旗銀行   滙豐銀行   渣打銀行   澳盛銀行   星展銀行
0.2413或   0.48498或    0.26        0.3     .26-.27
0.2420或   0.48526或
0.2378或   … … …
0.2401或
… … …

《瑞典克朗 SEK》

臺灣銀行   土地銀行   合庫金庫   第一銀行   華南銀行   彰化銀行   臺灣企銀
一般客戶     0.06       0.08       0.04       0.08       0.08        0.1
 0.08108
財富管理
 0.07635

玉山銀行   兆豐銀行   聯邦銀行   永豐銀行
  0.04        0.1        N/A       0.077^
                                       ¯
花旗銀行   滙豐銀行   渣打銀行   澳盛銀行   星展銀行
0.0897或   0.07565或     N/A        0.1        N/A
0.0892或   0.07589或
0.0879或   … … …
0.0888或
… … …

《南非蘭特 ZAR》

臺灣銀行   土地銀行   合庫金庫   第一銀行   華南銀行   彰化銀行   臺灣企銀
一般客戶     0.08       0.08       0.08       0.08       0.08       0.076
 0.08284
財富管理
 0.07855

玉山銀行   兆豐銀行   聯邦銀行   永豐銀行
  0.06       0.12       0.16       0.089^
                                       ¯
花旗銀行   滙豐銀行   渣打銀行   澳盛銀行   星展銀行
0.0615或      N/A       0.08        N/A        N/A
0.0596或
0.0570或
0.0569或
… … …

《新加坡幣 SGD》

臺灣銀行   土地銀行   合庫金庫   第一銀行   華南銀行   彰化銀行   臺灣企銀
一般客戶     0.12       0.18        0.1       0.16       0.16       0.18
 0.08644
財富管理
 0.06305

玉山銀行   兆豐銀行   聯邦銀行   永豐銀行
  0.08       0.12       0.18       0.179^
                                       ¯
花旗銀行   滙豐銀行   渣打銀行   澳盛銀行   星展銀行
0.2227或   0.37454或     0.2       0.26     .159-.16
0.2239或   0.37428或
0.2212或   … … …
0.2281或
… … …

《港幣 HKD》

臺灣銀行   土地銀行   合庫金庫   第一銀行   華南銀行   彰化銀行   臺灣企銀
一般客戶     0.04       0.026      0.03       0.04       0.038      0.054
 0.04511
財富管理
 0.04139

玉山銀行   兆豐銀行   聯邦銀行   永豐銀行
  0.02       0.04       0.06      0.0369^
                                      ¯
花旗銀行   滙豐銀行   渣打銀行   澳盛銀行   星展銀行
0.0535或   0.04468或    0.06        0.1     .059-.06
0.0541或   0.04464或
0.0540或   … … …
0.0538或
… … …

《泰銖 THB》

臺灣銀行   土地銀行   合庫金庫   第一銀行   華南銀行   彰化銀行   臺灣企銀
一般客戶     0.05       0.042      0.045     0.0295      0.036      0.036
 0.03612
財富管理
 0.03516

玉山銀行   兆豐銀行   聯邦銀行   永豐銀行
  0.04       0.042       N/A       0.032^
                                       ¯
花旗銀行   滙豐銀行   渣打銀行   澳盛銀行   星展銀行
0.0311或      N/A       0.04       0.02       0.023
0.0338或
0.0340或
… … …

《澳門帕塔卡 MOP》

永豐銀行
 0.0778^
      ¯
------------------------------------------------------------------------------

Hint：

1. 若針對板友常用的臺灣銀行與玉山銀行（一般客戶）兩者之間互相比較－

   ＊玉山銀行勝過臺灣銀行的項目有：

     歐元、英鎊、澳幣、瑞士法郎、日圓、加拿大幣、瑞典克朗、南非蘭特、

     新加坡幣、港幣

   ＊臺灣銀行勝過玉山銀行的項目有：

     紐西蘭幣、泰銖

   ＊臺灣銀行及玉山銀行平手的項目有：

     美金

2. 若針對臺灣銀行財富管理與玉山銀行（一般客戶）兩者之間互相比較－

   ＊臺灣銀行財富管理勝過玉山銀行的項目有：

     美金、英鎊、澳幣、紐西蘭幣、瑞士法郎、加拿大幣、新加坡幣、泰銖

   ＊玉山銀行勝過臺灣銀行財富管理的項目有：

     歐元、日圓、瑞典克朗、南非蘭特、港幣

******************************************************************************

第四部分：外匯常見《問與答》

問題一：什麼是即期賣出匯率、什麼是即期買入匯率？
什麼是現金（鈔）賣出匯率、什麼是現金（鈔）買入匯率？

        對於「即期」匯率與「現金（鈔）」匯率的簡單分法：只要交易過程中涉及外幣
        鈔券（摸得到外幣鈔票）的買賣，就會用到「現金（鈔）」匯率，除此之外，其
        餘外匯交易一概使用「即期」匯率。

        至於「賣出」匯率與「買入」匯率的選擇是以銀行的角度來判斷：客戶向銀行購
        買外幣（結購），意思是銀行要「賣出」外幣給客戶，所以使用「賣出」匯率；
        當客戶想把外幣兌換成新臺幣（結售），意思是銀行從客戶手上「買回」外幣，
        並給予客戶等值的新臺幣，此時使用「買入」匯率。

        最後將［即期、現金、賣出、買入］綜合起來，便有四種使用可能：

        一、即期賣出：銀行賣外幣給客戶所適用之匯率，例如客戶至銀行以新臺幣結購
                      外幣存入外匯存款、以新臺幣結購外幣辦理匯出匯款或購買旅行
                      支票等，其所適用的匯率為即期賣出匯率。

        二、即期買入：銀行向客戶買外幣所適用之匯率，例如客戶至銀行辦理外匯存款
                      提出兌為新臺幣、匯入匯款、買入旅行支票或買入光票等業務，
                      其所適用的匯率為即期買入匯率。

        三、現金賣出：銀行賣外幣現鈔給客戶所適用之匯率。

        四、現金買入：銀行向客戶買入外幣現鈔所適用之匯率。

問題二：外匯存款計息方式？

        一、若為臺灣銀行外匯綜合存款客戶，請參閱〈臺灣銀行開戶總約定書〉，
            編號：總約001-10001-01，自然人適用。

            ［臺灣銀行開戶總約定書下載：http://tinyurl.com/3qc5suz］

        本存款項下之活期性存款，按貴行牌告之外匯活期存款利率機動計息，每年六月
        及十二月各結息乙次，每日存款餘額未達貴行規定起息金額者，不計算當日存款
        利息，累積積數除日圓計算至千元位，千元位以下無條件捨去，其他幣別均計算
        至百元位，百元以下無條件捨去；定期性存款按貴行牌告之外匯定期存款利率固
        定單利計息。

        外匯綜合存款計息方式如下：

        （一）活期性存款：按日計息（每日存款餘額之和（即總積數）先乘其年利率，
                          再除以三六○即得利息額）。

        （二）定期性存款：足月部分按月計息（本金乘年利率乘月數，再除以十二即得
                          利息額）；遇有不足一月之畸零天數部分，則按日計息（本
                          金乘年利率乘天數，再除以三六○即得利息額）。

        二、若為他行客戶，其利息計算方式可特別注意所屬銀行最新版開戶總約定書，
            這裡以合作金庫銀行為例（參閱合作金庫銀行開戶總約定書，B321-098-12
            版本）－利息計算：新臺幣、港幣、英鎊、新加坡幣、泰銖、南非幣存款應
            依貴行牌告利率一年以365天計息；其他外幣依貴行牌告利率一年以360天計
            息。

            ［合作金庫銀行開戶總約定書下載：http://tinyurl.com/3g9k7q9］

            由此可知每家銀行對不同幣別的計息方式可能會有所不同，有些銀行一年以
            360天計算，但有些銀行一年卻以365天計算，天數的不同會影響活期性存款
            的利息與定期性存款畸零天數部分的利息；實際利息計算方式請向分行服務
            臺索取最新版開戶總約定書，若仍有不明白之處請詢問分行外匯經辦或客服
            中心。

        三、新臺幣及日圓的存款金額（或利息）以四捨五入之方式計算至整數位；其他
            外幣的存款金額（或利息）以四捨五入之方式計算至小數點後二位。

問題三：甲銀行某外幣的即期賣出匯率好像比較低一點，但是該外幣在乙銀行的即期買入
匯率好像比較高一點，我可不可以向甲銀行買，再拿到乙銀行賣呢？

        這個問題以作者主觀的看法是不建議這麼做，為什麼？因為想把外匯存款從甲銀
        行移到乙銀行可不像新臺幣存款的轉移這麼簡單，只要花個17元跨行轉帳手續費
        或30元跨行匯款手續費或乾脆領出現金自己運鈔這麼簡單。

        （以下針對一般客戶的環境來討論，排除財富管理客戶的交易優惠，亦排除大陸
        中文匯款的途徑）

        欲將甲銀行的外匯存款轉移至乙銀行，須以「匯出匯款」方式辦理，若客戶臨櫃
承作匯出匯款，其收費方式作者參考臺灣銀行「一般外匯業務之收費標準」文件
        來說明：

        《匯出匯款手續費》

        〈手續費－匯費〉按匯款金額0.05%計收，最低新臺幣100元，最高新臺幣800元。

        〈郵電費－電報費〉1. 電匯每通電文新臺幣300元，退匯、改匯每通電文新臺幣
                             300元。

                          2. 電匯國外費用為OUR［全額入帳］時，每筆另外加收國外
                             費用。

        〈其他費用〉國外中間銀行及受款銀行另依其收費標準收取費用時，將於匯款金
                    額中扣取費用。

        因此臨櫃收費標準為每筆最低新臺幣400元，每筆最高新臺幣1,100元，如遇有其
他費用時另外計收。

　　　　若客戶以網路銀行辦理匯出匯款，其收費標準：

        〈匯費〉以臨櫃收費標準之5折優惠計收，即匯費依匯款金額萬分之2.5計收，每
                筆最高收費新臺幣400元。

        〈郵電費〉以臨櫃收費標準之75折優惠計收，每筆固定收費新臺幣225元。

        是故網路銀行匯出匯款每筆最高收費新臺幣625元，如遇有其他費用時另外計收。

        ----------------------------------------------------------------------
        無論客戶透過臨櫃承作或網路銀行辦理匯出匯款，匯費及郵電費幾乎躲不掉，少
        則也將近新臺幣300元（這還不包含未知的中間銀行費用），至多可以到新臺幣
        1,100元。
        ----------------------------------------------------------------------

        【參考資料出處】

        1. 臺灣銀行外匯存匯業務Q & A：http://tinyurl.com/287ngza

        2. 臺灣銀行一般外匯業務之收費標準：http://tinyurl.com/23udskl

        3. 臺灣銀行網路銀行優惠方案：http://tinyurl.com/2dcwf45
http://tinyurl.com/2gysgk

        4. 臺灣銀行網路銀行外匯匯出匯款截圖：http://tinyurl.com/3elq2cc

        –––––––––––––––––––––––––––––––––––

        以上是匯出行收取的費用，但你以為這樣就結束了嗎？後面還有……！對於受款
        行而言，「匯入匯款」也是要收手續費的，其收費標準作者參考土地銀行「外匯
        業務各項收費標準一覽表」文件來說明：

        《匯入匯款手續費》

        1. 按匯款金額千分之0.5計收，最低新臺幣100元，最高新臺幣800元。

        2. 受款人為本行客戶，經本行提示並由國內其他同業解匯者，每件收新臺幣200
元手續費。（如匯款金額為等值美金一百元以內者，每件計收新臺幣100元之
           手續費）

        3. 受款人非本行客戶，經國內其他同業提示，並由本行解匯者，每件計收新臺幣
　　　　　 300元手續費。

        【參考資料出處】

        臺灣土地銀行外匯業務各項收費標準一覽表：http://tinyurl.com/3edj8lc

        -----------------------------------------------------------------------
        綜合起來思考，想要將甲銀行自己的外匯存款轉移至乙銀行自己的外匯帳戶，光
        是匯出匯款手續費加匯入匯款手續費就至少得花費新臺幣400元（這還不包含中間
        銀行可能產生的手續費），再者單次匯款金額太低也不划算，所以想藉由甲銀行
        買、乙銀行賣這種方式多賺一點錢的朋友真的要想清楚，最好先估算一下因甲乙
        銀行即期買入匯率的匯率差距所能夠多賺的金額，能否打平支出的匯款手續費。
        -----------------------------------------------------------------------

        ［Note］

        作者建議現在打算新加入外匯家族的朋友，先選好你想要長期往來的銀行，不要
        頭洗下去才想換銀行，這樣可能會多花不少學費，其實只要比較不同銀行的實際
        交易匯差（即本文第三部分討論過的主題）並選擇最優惠的那家就可以，不需要
        執著在不同銀行的即期匯率「數值」是高或低，因為在匯差相同的狀況下，跟哪
家銀行往來並沒有差別，你可以選擇你方便的銀行。

問題四：（承問題三）哇！匯款手續費好貴唷，那我想改成從甲銀行外匯存款帳戶提領出
等值的外幣現鈔，再將現鈔帶到乙銀行存入外匯帳戶，這樣會不會比較省錢呢？

        關於這個問題，作者感覺事情再次被複雜化了，為什麼這麼說？因為又涉及手續
        費的關係啦，以下針對一般客戶的環境來討論，排除財富管理客戶的優惠。

        情境：設甲銀行為臺灣銀行，乙銀行為土地銀行，欲轉移貨幣為歐元。

        一、提出現鈔－參考臺灣銀行「一般外匯業務之收費標準」：

            由外匯存款提領外幣現鈔：按本行牌告即期賣出匯率與現金賣出匯率之差額
                                    計收，最低新臺幣100元。

            歐元現金賣出匯率與即期賣出匯率之差額為0.26，意思是每從外匯帳戶提領
            100歐元為現鈔100歐元時，你要補給銀行新臺幣26元的價差，但是價差最低
            銀行要收新臺幣100元，所以每次提領的金額太少不划算，然而當提領金額
            增加，要補的價差也會隨之增加（若從帳戶提領1500歐元為現鈔1500歐元，
            價差為新臺幣390元，這已經接近匯出匯款的手續費了）。

        二、存入現鈔－參考土地銀行「外匯業務各項收費標準一覽表」：

            外幣現鈔存入外匯存款：日圓每一萬元收新臺幣30元，港幣每一百元收新臺
                                  幣4元。其他幣別按本行牌告買入匯率與外幣現鈔
                                  買入匯率之差額計收，最低新臺幣100元。

            歐元現金買入匯率與即期買入匯率之差額為0.42，意思是每將現鈔100歐元存
            入為存款100歐元時，你要補給銀行新臺幣42元的價差，但是價差最低銀行要
            收新臺幣100元，所以每次存入的金額太少不划算，然而當存入金額增加，要
            補的價差也會隨之增加（若將現鈔1500歐元存入帳戶，價差為新臺幣630元，
            比提領現鈔的手續費還貴）。

        結論：作者認為以外幣現鈔轉移外匯存款的方式真的有些自找麻煩，當現鈔提領
              金額很大時，提出的價差和存入的價差比起匯出匯款及匯入匯款的手續費
              真是有過之而不及，還不如用匯款，也省得帶著大把現鈔在路上趴趴走。

        ［補充］

        不要認為銀行都會無條件買入客戶的現鈔，因為外幣在臺灣是商品，銀行買回現
        鈔後，還要賣給其他客戶，但是沒有人喜歡買到品相不佳的現鈔，因此有些銀行
        會拒絕兌換（買入）舊版外幣現鈔或破污損券（尤其鈔券上有寫字或有記號），
        就算銀行願意兌換，也可能額外加收處理費（有些還可能論張計收費用）。所以
        你拿著大把外幣現鈔到銀行想存入帳戶，要是銀行不願意兌換某幾張，你也不能
        怎樣，只好在心理抱怨真麻煩，銀行好不通人情，早知道就不換成外幣現鈔了。

        【參考資料出處】

        1. 臺灣銀行收兌舊版外幣現鈔、破污損券及受理託收等業務收費標準一覽表：
           http://tinyurl.com/445rluv

        2. 作者：hoyi
           標題：Re: [心得] 外幣(英鎊)換台幣真不易~~
           文章代碼(AID): #1CLhV-B6 (Bank_Service) [ptt.cc]

問題五：單純結購（售）外匯存款或外幣現鈔要不要收手續費？

        1. 外匯存款之存入，若以新臺幣結購者，免收手續費；外匯存款之提領，若結售
           為新臺幣者，免收手續費。

        2. 外幣現鈔之結購（售）：依銀行牌告現金賣出／買入匯率結匯，免收手續費。

問題六：銀行如何收取「旅行支票」交易手續費？

        臺灣銀行或土地銀行的收費標準請見問題三之參考資料出處，其他銀行收費標準
        請自行瀏覽各銀行官方網站或洽詢分行外匯經辦。

問題七：我要出國旅遊，應該先買外幣現鈔回家放或先買外匯存款待日後補價差提領外幣
現鈔呢？

        這個問題有點難回答，因為每個人偏好的做法不同，作者提出一些看法與大家分
        享：

        一、很快就要出國了，但手上沒有外匯存款，只有新臺幣，那作者建議你就直接
            買外幣現鈔，現在有兩家銀行提供網路線上結匯「外幣現鈔及旅行支票」，
            還提供匯率優惠唷。

            1. 臺灣銀行－網路Easy購‧出國結匯輕鬆Go「外幣現鈔及旅行支票」：
               http://tinyurl.com/ydyeqn5

               費率優惠：一般客戶優惠美金減3分，其他幣別（印尼幣及越南盾除外）
                         減千分之1.5；財富管理客戶優惠美金減3分，雜幣（不含印
                         尼幣、越南盾）減千分之2（不得優於中價）。

            2. 兆豐銀行－線上結匯購買外幣現鈔及旅支：
               http://tinyurl.com/23ql2vb

            ［提醒］申購步驟及注意事項請詳閱網站說明，作者在此不討論。

        二、計畫未來要出國旅遊，但短期內還不會出國，那作者建議或許你可以趁匯率
            還不錯時慢慢買、分批買外匯存款，等到出國前再補價差提領出外幣現鈔，
            如此一來，這段等待的時間可以賺到微薄的外匯存款利息，也是不無小補－
            因為長期持有外幣現鈔不會孳生利息，還要擔心保存上的安全問題。

        三、作者建議多帶一二張已經開啟跨國提款功能的金融卡（一定要確認磁條密碼
            已經設定無誤，不然出國才發現不能用會很麻煩）以及一二張已經申請預借
            現金密碼且開啟預借現金功能的信用卡，當你出國發現身上現金不夠用時，
            這些卡片可以幫你度過難關［總是要為最壞的情況作準備］。

問題八：網路銀行外匯交易系統規定單筆需等值新臺幣1,000元才可承作，那外匯存款利息
之畸零金額該如何處理？（本題只針對臺灣銀行網路銀行的用戶來回答）

        作者發現利息金額不受單筆新臺幣1,000元的限制，所以利息這種畸零數值是可以
        直接結售掉，如圖所示：http://tinyurl.com/3efg4eo ；希望外匯存款餘額乾乾
        淨淨成為零元的朋友可以實驗看看，至於其他銀行系統作者沒有經驗，無從分享。

問題九：聽說某家銀行提供外幣提款卡，可以讓客戶從外匯帳戶直接提領外幣現鈔，不需
要透過新臺幣帳戶？

        是的，滙豐銀行提供外幣提款卡，但是一張外幣提款卡只連結一種外幣，若你有
        多種幣別的需求，就必須每種外幣個別申請外幣提款卡；卓越理財客戶申請外幣
        提款卡免收手續費，運籌理財客戶申請外幣提款卡每張收取手續費新臺幣300元。

        滙豐銀行卓越理財－外幣提款卡：
        http://tinyurl.com/3opk567（更多優質服務）

        滙豐銀行運籌理財－外幣提款卡：
        http://tinyurl.com/3lea5v6（國際服務）
        http://tinyurl.com/3o4k5q8（常見問題）

　　　　滙豐銀行金融卡／外幣提款卡提款手續費調整公告：
        http://tinyurl.com/3etmblm（公告日期：12 Dec 2008）

        自2009年1月1日起，持金融卡或外幣提款卡在國外提款手續費將作調整。

　　　　卓越理財客戶與卓越雙享理財客戶：在國外使用HSBC提款機提款，則免收取手續
                                        費，使用非HSBC提款機提款，將酌收手續費
                                        新臺幣一百五十元整。

        其他客戶：持金融卡或外幣提款卡在國外提款手續費將調整為新臺幣三百元整。

        滙豐銀行運籌理財專戶手續費調整公告：
        http://tinyurl.com/4xluvbp（公告日期：09 Sep 2010）

        自2010年9月23日起，本行運籌理財專戶國外ATM提款手續費調整如下：

        運籌理財專屬Visa金融卡及專屬外幣提款卡於國外ATM跨國提款，非滙豐ATM每次
        收取手續費由新臺幣$300元調降至$70元：

        ‧帳戶月平均餘額小於新臺幣50萬元之貴賓：該月承作之每筆國外ATM跨國提款，
          滙豐ATM不收取手續費；非滙豐ATM每次收取手續費新臺幣$70元。

        ‧帳戶月平均餘額大於新臺幣50萬元（含）之貴賓：該月承作之每筆國外ATM跨國
          提款，滙豐ATM不收取手續費；非滙豐ATM每次收取手續費新臺幣$70元，惟將於
          次月回饋至客戶的臺幣活存帳戶中。

                                  全球滙豐ATM提款   全球非滙豐ATM提款*

          帳戶之月平均往來總資產      0手續費            0手續費
          達新臺幣50萬元或以上

          帳戶之月平均往來總資產      0手續費        NT$300降為NT$70
          小於新臺幣50萬元

          *以滙豐運籌理財Visa金融卡於海外滙豐銀行以外之他行ATM提款時，本行僅收
           取手續費新臺幣70元，惟他行可能收取之其他費用，本行將無法免除。

        若有任何問題，請洽滙豐（臺灣）商業銀行股份有限公司各分行或請致電24小時
        電話理財服務中心0800-066-001／(02) 8072-3000。

        金融卡／外幣提款卡服務申請書：
        http://tinyurl.com/3fea8nh（見理財服務類）

        【參考文章】文章代碼(AID): #1DjHeJ4m (Bank_Service) [ptt.cc]
                    文章代碼(AID): #1DwWMlAc (Bank_Service) [ptt.cc]

        ［補充］作者沒有申請過外幣提款卡，所以無法分享實際使用情形，有疑問請逕
                洽理財專員。

                根據〈#1DwWMlAc一文〉isaacc板友之推文，滙豐外幣提款卡所連結之
                Ｘ幣別帳戶與外幣綜合存款Ｘ幣別主帳戶為互相獨立的關係，平常可以
                把錢存入外幣提款卡Ｘ幣別帳戶，出國時，你就可以持Ｘ幣外幣提款卡
                提款，而提款上限為這張外幣提款卡所連結帳戶的金額，如果卡片遺失
                不幸被盜領，最多也只會損失外幣提款卡帳戶的錢，至於外幣綜合存款
                Ｘ幣別主帳戶及其他幣別帳戶都不會有損失，算是具有防火牆的效果。

                簡單舉例：美金外幣提款卡帳戶及外幣綜合存款美金帳戶為獨立設置，
                          持美金外幣提款卡提款，只會動到美金外幣提款卡帳戶的錢
                          而不會動到外幣綜合存款美金帳戶的錢，當卡片掉了，最大
                          損失為美金外幣提款卡帳戶的錢，至於外幣綜合存款美金帳
                          戶及外幣綜合存款其他幣別帳戶都不會有損失。

問題十：實際交易匯出匯款時，手續費收取狀況好像很複雜，匯款流程到底是怎麼走呢？

        作者不在銀行服務，無法清楚地解釋銀行的匯款流程，但是銀行板曾討論過許多
        相關主題，以下整理文章出處讓板友參考：

        1. 作者：hoyi
           文章標題：Re: [問題] 電匯到新加坡
           文章代碼(AID): #1CWTJxw3 (Bank_Service) [ptt.cc]

        2. 作者：hoyi
           文章標題：Re: [問題] 電匯到新加坡
           文章代碼(AID): #1CWpPWQr (Bank_Service) [ptt.cc]

        3. 作者：hoyi
           文章標題：Re: [問題] 電匯到新加坡
           文章代碼(AID): #1CWt3G_2 (Bank_Service) [ptt.cc]

        4. 作者：hoyi
           文章標題：Re: [問題] 電匯到新加坡
           文章代碼(AID): #1CgmrxSa (Bank_Service) [ptt.cc]

        5. 作者：hoyi
           標題：Re: [問題] 怎麼匯款到韓國呢?
           文章代碼(AID): #1BwNGZ-f (Bank_Service) [ptt.cc]

        6. 作者：hoyi
　         標題：Re: [問題] 美國帳戶結清 把錢帶回台灣
           文章代碼(AID): #1CBUkQmq (Bank_Service) [ptt.cc]

        7. 作者：hoyi
　         標題：Re: [問題] 美國帳戶結清 把錢帶回台灣
           文章代碼(AID): #1CGo-Ryo (Bank_Service) [ptt.cc]

        8. 作者：hoyi
           文章標題：跨國(外匯)匯款所需資料/手續費-以台銀為例
　　　　　 文章代碼(AID): #1DApQ5MY (Bank_Service) [ptt.cc]

問題十一：網路銀行不讓我辦理等值新臺幣50萬元（含）以上之外匯交易！

        對於臺灣銀行網路銀行－

        請參考「辦理等值新臺幣50萬元以上網路銀行外匯業務常見問題」：
        http://tinyurl.com/3fhrond

        等值新臺幣50萬元以上網路銀行外匯交易額度申請書下載：
   　　 http://tinyurl.com/4x5bsll（見電子銀行表單）

        對於其他銀行－

        請自行查閱所屬銀行官方網站說明，或洽詢分行外匯經辦。

******************************************************************************

文章版次：第一版（2011年04月30日上午09時30分）
          第二版（2011年04月30日下午02時30分）
          第三版（2011年05月02日上午01時30分）
          第四版（2011年05月03日上午03時18分）
          第五版（2011年05月04日上午02時00分）
          第六版（2011年05月04日下午02時26分）
          第七版（2011年05月15日上午01時20分）
          第八版（2011年06月06日下午03時00分）
          第九版（2011年06月09日上午11時30分）
          第十版（2011年06月20日下午11時30分）
          十一版（2011年06月28日下午14時00分）

--

OH YEAH!!! 終於完成了，這篇文章大概是我這輩子在BBS寫過工程最浩大的作品，感動～

 \(〒▽〒)/  未來如果有新的想法再繼續更新文章吧，短期內應該不會更動了。

我要謝謝所有閱讀這篇文章的板友，希望你們會喜歡。╰(￣▽￣)╭

文章內容若有疏漏，煩請不吝指正。

--",131,3,95,https://www.ptt.cc/bbs/Bank_Service/M.1304445622.A.37B.html,"[{""type"": ""推"", ""user"": ""ROCAF"", ""content"": ""看先推"", ""ipdatetime"": ""05/04 02:04""}, {""type"": ""推"", ""user"": ""fr373969"", ""content"": ""推"", ""ipdatetime"": ""05/04 02:32""}, {""type"": ""推"", ""user"": ""wilson9221"", ""content"": """", ""ipdatetime"": ""05/04 03:21""}, {""type"": ""推"", ""user"": ""BBMak"", ""content"": """", ""ipdatetime"": ""05/04 06:41""}, {""type"": ""推"", ""user"": ""tiempo"", ""content"": ""助很大XD 昨天才因為地緣開渣打跟華南的外幣帳戶"", ""ipdatetime"": ""05/04 08:29""}, {""type"": ""推"", ""user"": ""tiempo"", ""content"": ""個小問題，渣打的網銀買賣匯優惠兩分，實際容忍匯差應該"", ""ipdatetime"": ""05/04 08:33""}, {""type"": ""推"", ""user"": ""tnf"", ""content"": ""Z大~~你好棒!!!讓銀行服務版的版友們受益良多~給你個讚!!!"", ""ipdatetime"": ""05/04 08:34""}, {""type"": ""→"", ""user"": ""tiempo"", ""content"": ""0.06吧（有想錯嗎？） 不過也是到六月底的活動就是了"", ""ipdatetime"": ""05/04 08:35""}, {""type"": ""→"", ""user"": ""tiempo"", ""content"": ""章裡面是標示0.08"", ""ipdatetime"": ""05/04 08:36""}, {""type"": ""→"", ""user"": ""TZUYIC"", ""content"": ""始匯差0.12，買賣分別優惠2分，實際匯差就變成0.08囉。"", ""ipdatetime"": ""05/04 08:36""}, {""type"": ""→"", ""user"": ""TZUYIC"", ""content"": ""有特別解釋計算方式，在第三部分的一開頭。:)"", ""ipdatetime"": ""05/04 08:37""}, {""type"": ""推"", ""user"": ""tiempo"", ""content"": ""謝，看到文章中間就忘了他的原始匯差較大，可見文章真的"", ""ipdatetime"": ""05/04 08:39""}, {""type"": ""→"", ""user"": ""tiempo"", ""content"": ""長，是個浩大工程"", ""ipdatetime"": ""05/04 08:40""}, {""type"": ""推"", ""user"": ""tiempo"", ""content"": ""篇優文真的應該多推幾次"", ""ipdatetime"": ""05/04 08:42""}, {""type"": ""推"", ""user"": ""akakapo"", ""content"": ""強大的文章，感謝T大整理分享！"", ""ipdatetime"": ""05/04 11:07""}, {""type"": ""推"", ""user"": ""gh20502"", ""content"": ""定要推的!"", ""ipdatetime"": ""05/04 11:40""}, {""type"": ""推"", ""user"": ""bigpolaris"", ""content"": ""！"", ""ipdatetime"": ""05/04 11:46""}, {""type"": ""推"", ""user"": ""Anadyomene"", ""content"": ""篇應該要推爆"", ""ipdatetime"": ""05/04 13:45""}, {""type"": ""推"", ""user"": ""tnf"", ""content"": ""爆這篇~~先說好~~第一百推是我的喔!!!(握拳)"", ""ipdatetime"": ""05/04 13:49""}, {""type"": ""推"", ""user"": ""kuio0115"", ""content"": ""大文一定要推的!!篇篇用心寫~用心推~超強線上客服!!"", ""ipdatetime"": ""05/04 16:22""}, {""type"": ""推"", ""user"": ""tnf"", ""content"": ""錯~~PTT理財超強線上客服!!"", ""ipdatetime"": ""05/04 16:26""}, {""type"": ""推"", ""user"": ""Quezacot"", ""content"": ""推推，超棒的分享~"", ""ipdatetime"": ""05/04 17:19""}, {""type"": ""推"", ""user"": ""cuteEvanYo"", ""content"": ""推先推！"", ""ipdatetime"": ""05/04 17:32""}, {""type"": ""推"", ""user"": ""tnf"", ""content"": ""謝TZ大~~您的用心，讓銀行服務版的版友們受惠良多~"", ""ipdatetime"": ""05/04 17:59""}, {""type"": ""推"", ""user"": ""tnf"", ""content"": ""您敬禮表示敬意~(敬禮)"", ""ipdatetime"": ""05/04 18:00""}, {""type"": ""推"", ""user"": ""gfedcba0207"", ""content"": ""厲害~~~"", ""ipdatetime"": ""05/04 18:58""}, {""type"": ""推"", ""user"": ""mybbsid"", ""content"": ""推，不然別人以為我們看不懂 囧"", ""ipdatetime"": ""05/04 20:08""}, {""type"": ""→"", ""user"": ""TZUYIC"", ""content"": ""人說好麻煩的外匯，可不可以寫重點，我想如果你要看重點"", ""ipdatetime"": ""05/04 20:53""}, {""type"": ""→"", ""user"": ""TZUYIC"", ""content"": ""沒那麼厲害可以用二三句話解釋清楚，麻煩另請高明吧。"", ""ipdatetime"": ""05/04 20:53""}, {""type"": ""推"", ""user"": ""Anadyomene"", ""content"": ""推"", ""ipdatetime"": ""05/04 21:30""}, {""type"": ""推"", ""user"": ""invin0730"", ""content"": ""服你的耐心!"", ""ipdatetime"": ""05/04 21:57""}, {""type"": ""推"", ""user"": ""tnf"", ""content"": ""覺得麻煩的人，可不可以告訴我外匯的重點是????"", ""ipdatetime"": ""05/04 22:07""}, {""type"": ""推"", ""user"": ""Anadyomene"", ""content"": ""推"", ""ipdatetime"": ""05/04 22:07""}, {""type"": ""推"", ""user"": ""tenghui"", ""content"": ""篇真是菁華中的菁華"", ""ipdatetime"": ""05/04 22:45""}, {""type"": ""推"", ""user"": ""ZCH"", ""content"": ""以請問一下為什麼沒有國泰嗎ˊˋ"", ""ipdatetime"": ""05/04 22:59""}, {""type"": ""→"", ""user"": ""TZUYIC"", ""content"": ""他銀行要等到以後才會慢慢更新囉，因為工程太大了。"", ""ipdatetime"": ""05/04 23:09""}, {""type"": ""推"", ""user"": ""momosean"", ""content"": ""個一定要推一下，但想請問台銀vip通過有要求最低餘額嗎"", ""ipdatetime"": ""05/04 23:19""}, {""type"": ""→"", ""user"": ""TZUYIC"", ""content"": ""存款150萬可請理專報專案申請加入，有存款300萬可以直接"", ""ipdatetime"": ""05/04 23:26""}, {""type"": ""→"", ""user"": ""TZUYIC"", ""content"": ""入，免報專案特別放行。"", ""ipdatetime"": ""05/04 23:26""}, {""type"": ""推"", ""user"": ""yumeiko"", ""content"": ""大這篇文章的格式好正式. 內容又好豐富  推"", ""ipdatetime"": ""05/04 23:31""}, {""type"": ""推"", ""user"": ""WaterDragonI"", ""content"": ""推，不然別人以為我們看不懂 囧"", ""ipdatetime"": ""05/05 08:17""}, {""type"": ""推"", ""user"": ""tnf"", ""content"": ""不懂的地方可以舉手發問啦~相信TZ大會很熱心為大家解答的:)"", ""ipdatetime"": ""05/05 08:34""}, {""type"": ""推"", ""user"": ""ThemeIsMyDog"", ""content"": ""大無敵!"", ""ipdatetime"": ""05/05 09:06""}, {""type"": ""推"", ""user"": ""ThemeIsMyDog"", ""content"": ""驚人了!!!!!!!!!!!!!!!!!!!  無敵T大!"", ""ipdatetime"": ""05/05 10:16""}, {""type"": ""推"", ""user"": ""guccilulu"", ""content"": ""厲害了~~"", ""ipdatetime"": ""05/05 13:21""}, {""type"": ""推"", ""user"": ""Anadyomene"", ""content"": ""推直到爆"", ""ipdatetime"": ""05/05 13:59""}, {""type"": ""推"", ""user"": ""kinddevil"", ""content"": ""厲害了!!有網頁版嗎??我想存起來~"", ""ipdatetime"": ""05/05 14:17""}, {""type"": ""→"", ""user"": ""kinddevil"", ""content"": ""好意思~~看到文章開頭說了沒有網頁版~~"", ""ipdatetime"": ""05/05 14:18""}, {""type"": ""→"", ""user"": ""TZUYIC"", ""content"": ""有網頁版喔，想要儲存文章可以對本文按 Shift＋F 組合鍵"", ""ipdatetime"": ""05/05 14:27""}, {""type"": ""→"", ""user"": ""TZUYIC"", ""content"": ""可全文寄送到自己的電子郵件信箱囉。"", ""ipdatetime"": ""05/05 14:27""}, {""type"": ""→"", ""user"": ""TZUYIC"", ""content"": ""為一開始寫文章就是在PTT下寫，所以沒有網頁版。 ^^\"""", ""ipdatetime"": ""05/05 14:28""}, {""type"": ""→"", ""user"": ""TZUYIC"", ""content"": ""果看不到滙豐銀行這個三點水在外面的滙字，可以改用最新"", ""ipdatetime"": ""05/05 14:34""}, {""type"": ""→"", ""user"": ""TZUYIC"", ""content"": ""支援統一碼的PCMan來瀏覽，就看得到啦～"", ""ipdatetime"": ""05/05 14:34""}, {""type"": ""推"", ""user"": ""browncat"", ""content"": ""厲害的 很想按個讚"", ""ipdatetime"": ""05/05 16:01""}, {""type"": ""推"", ""user"": ""Forestier"", ""content"": ""hift+Q有文章網址 這應該勉強算是網路版吧"", ""ipdatetime"": ""05/05 18:02""}, {""type"": ""→"", ""user"": ""TZUYIC"", ""content"": ""大不錯耶，我用Shift-Q這麼久，從來都沒有注意還有網頁版"", ""ipdatetime"": ""05/05 18:03""}, {""type"": ""→"", ""user"": ""TZUYIC"", ""content"": ""PTT網址，看了網頁版，排版都沒有亂掉，Nice！"", ""ipdatetime"": ""05/05 18:04""}, {""type"": ""→"", ""user"": ""TZUYIC"", ""content"": ""有幾個字和括號顯示不出來而已～"", ""ipdatetime"": ""05/05 18:06""}, {""type"": ""→"", ""user"": ""ROCAF"", ""content"": ""eb版的PTT除了一部分字型跟色彩控制碼出不來以外其他還堪用"", ""ipdatetime"": ""05/05 21:47""}, {""type"": ""推"", ""user"": ""TAMACAT"", ""content"": ""厲害了..."", ""ipdatetime"": ""05/05 23:11""}, {""type"": ""推"", ""user"": ""tnf"", ""content"": ""WEB版PTT我就覺得已經很強大了...不敢奢求太多...:PPP"", ""ipdatetime"": ""05/05 23:11""}, {""type"": ""推"", ""user"": ""waneslacakus"", ""content"": ""苦了 其實花旗並沒有南非幣交易 只是寫好看的而已"", ""ipdatetime"": ""05/06 18:10""}, {""type"": ""推"", ""user"": ""YoBo"", ""content"": """", ""ipdatetime"": ""05/07 01:39""}, {""type"": ""推"", ""user"": ""Anadyomene"", ""content"": """", ""ipdatetime"": ""05/07 11:23""}, {""type"": ""推"", ""user"": ""Anadyomene"", ""content"": """", ""ipdatetime"": ""05/07 15:48""}, {""type"": ""推"", ""user"": ""crazyghost"", ""content"": ""鎊50以上的時候 台銀仍然最划算~ (久不見矣!)"", ""ipdatetime"": ""05/07 16:55""}, {""type"": ""推"", ""user"": ""tnf"", ""content"": ""也想看到英鎊重回50+的榮耀!!XDDDDD"", ""ipdatetime"": ""05/07 22:46""}, {""type"": ""→"", ""user"": ""crazyghost"", ""content"": ""正一下...上面應該是英鎊55+的時候台銀才最划算"", ""ipdatetime"": ""05/07 23:23""}, {""type"": ""推"", ""user"": ""pleasant"", ""content"": ""推，但懷疑T大待業中，原因是PO文時間及如此閒情逸緻"", ""ipdatetime"": ""05/08 12:34""}, {""type"": ""→"", ""user"": ""TZUYIC"", ""content"": ""那麼多時間寫文章叫作閒情逸致，那以後不寫了。"", ""ipdatetime"": ""05/08 13:32""}, {""type"": ""推"", ""user"": ""subseven"", ""content"": ""大的存款不是樓樓上能想像的吧XD 感謝T大分享!"", ""ipdatetime"": ""05/08 13:38""}, {""type"": ""推"", ""user"": ""ROCAF"", ""content"": ""子大概不知道T董的實力"", ""ipdatetime"": ""05/08 17:26""}, {""type"": ""推"", ""user"": ""tnf"", ""content"": ""Z大~~你不可以不寫~~你不可以任性!!!拜託你寫啦~"", ""ipdatetime"": ""05/08 19:30""}, {""type"": ""推"", ""user"": ""ClassicTZ"", ""content"": ""   真是詳細"", ""ipdatetime"": ""05/08 21:41""}, {""type"": ""推"", ""user"": ""purin59"", ""content"": ""，就說你不去銀行上班太可惜了!!我渣打老東家有缺行員喔"", ""ipdatetime"": ""05/09 02:23""}, {""type"": ""推"", ""user"": ""Anadyomene"", ""content"": """", ""ipdatetime"": ""05/09 13:53""}, {""type"": ""推"", ""user"": ""michaleeeee"", ""content"": ""讚的!! 狂推!"", ""ipdatetime"": ""05/09 19:40""}, {""type"": ""→"", ""user"": ""TZUYIC"", ""content"": ""果大家喜歡的話，就麻煩有空多點點文章中的圖片網址囉，"", ""ipdatetime"": ""05/09 19:52""}, {""type"": ""→"", ""user"": ""TZUYIC"", ""content"": ""為圖片空間規定超過一個月沒人瀏覽的圖片將會被系統自動"", ""ipdatetime"": ""05/09 19:54""}, {""type"": ""→"", ""user"": ""TZUYIC"", ""content"": ""除，這樣一來就看不到啦，所以還是需要大家多點閱！ :)"", ""ipdatetime"": ""05/09 19:55""}, {""type"": ""推"", ""user"": ""ROCAF"", ""content"": ""點完圖了"", ""ipdatetime"": ""05/09 21:35""}, {""type"": ""推"", ""user"": ""tnf"", ""content"": ""!!!我會去點的"", ""ipdatetime"": ""05/10 11:52""}, {""type"": ""推"", ""user"": ""Anadyomene"", ""content"": """", ""ipdatetime"": ""05/10 15:24""}, {""type"": ""推"", ""user"": ""ivyL"", ""content"": ""心文推"", ""ipdatetime"": ""05/11 22:23""}, {""type"": ""推"", ""user"": ""tnf"", ""content"": ""Z大~超感謝您如此的用心~代表大家跟你敬禮致謝(敬禮)TZ大萬歲"", ""ipdatetime"": ""05/15 12:02""}, {""type"": ""推"", ""user"": ""Anadyomene"", ""content"": ""60推"", ""ipdatetime"": ""05/17 22:29""}, {""type"": ""推"", ""user"": ""yinson"", ""content"": ""? 我竟然沒推過  推推  ^^b"", ""ipdatetime"": ""05/24 16:14""}, {""type"": ""推"", ""user"": ""bigair888"", ""content"": ""找這篇發現竟然置底啦"", ""ipdatetime"": ""05/24 19:56""}, {""type"": ""推"", ""user"": ""fr373969"", ""content"": ""ush"", ""ipdatetime"": ""05/24 23:20""}, {""type"": ""推"", ""user"": ""tnf"", ""content"": ""有點圖了，說好每個月要點一次~可是~~點到後面我的kkman當了"", ""ipdatetime"": ""05/27 11:45""}, {""type"": ""推"", ""user"": ""yinson"", ""content"": ""新電腦 ＊*＊ˋ( ￣▽￣)ˊ＊*＊"", ""ipdatetime"": ""05/27 15:54""}, {""type"": ""推"", ""user"": ""johnjohncoin"", ""content"": ""銀CHF匯差擴大，煩請更正表格，thx"", ""ipdatetime"": ""05/30 10:13""}, {""type"": ""→"", ""user"": ""TZUYIC"", ""content"": ""說臺灣銀行拉大澳幣的匯差，我先觀察兩天再看看……"", ""ipdatetime"": ""06/08 09:47""}, {""type"": ""推"", ""user"": ""johnjohncoin"", ""content"": ""猜下個調高匯差的幣別就是NZD，調高不爽，但還是"", ""ipdatetime"": ""06/08 18:38""}, {""type"": ""→"", ""user"": ""johnjohncoin"", ""content"": ""國最低的話，就只好加減用了"", ""ipdatetime"": ""06/08 18:38""}, {""type"": ""推"", ""user"": ""stardick"", ""content"": ""!!!"", ""ipdatetime"": ""07/07 00:19""}, {""type"": ""推"", ""user"": ""slalala"", ""content"": ""邦網銀 美金澳幣有讓0.03"", ""ipdatetime"": ""07/09 16:15""}, {""type"": ""推"", ""user"": ""ting24"", ""content"": """", ""ipdatetime"": ""07/18 21:47""}, {""type"": ""→"", ""user"": ""miniuser"", ""content"": ""枝的ZAR 只能ZAR轉成其他幣別 無逆向反應"", ""ipdatetime"": ""08/13 20:33""}, {""type"": ""推"", ""user"": ""tnf"", ""content"": ""月一點，今日8/23每月一點完畢..."", ""ipdatetime"": ""08/23 15:52""}, {""type"": ""推"", ""user"": ""tnf"", ""content"": ""Z大，每月一點改成每月三點，結果~還是又多了圖看不到失效了"", ""ipdatetime"": ""09/09 17:11""}, {""type"": ""推"", ""user"": ""tnf"", ""content"": ""有很認真點說~~站內信給你..."", ""ipdatetime"": ""09/09 17:11""}, {""type"": ""推"", ""user"": ""winny221"", ""content"": ""得不推!!曠世好文阿~~對剛要接觸外幣的人真的很有幫助~"", ""ipdatetime"": ""09/20 15:17""}, {""type"": ""推"", ""user"": ""Iammashen"", ""content"": ""一下 大概了解了"", ""ipdatetime"": ""09/29 16:45""}, {""type"": ""→"", ""user"": ""tnf"", ""content"": ""末連假，提早來每月三點...^^\"""", ""ipdatetime"": ""10/06 16:37""}, {""type"": ""→"", ""user"": ""tnf"", ""content"": ""月一點，沒有新變化..."", ""ipdatetime"": ""11/07 17:18""}, {""type"": ""→"", ""user"": ""TZUYIC"", ""content"": ""來想加入台新的優惠，不過看報紙寫台新近期的優惠方案只"", ""ipdatetime"": ""11/21 14:53""}, {""type"": ""→"", ""user"": ""TZUYIC"", ""content"": ""今年底，所以暫時先不加入台新，等明年再觀察狀況而定。"", ""ipdatetime"": ""11/21 14:54""}, {""type"": ""→"", ""user"": ""tnf"", ""content"": ""月一點~~沒有啥新變化~~有個小疑問..."", ""ipdatetime"": ""11/22 15:14""}, {""type"": ""→"", ""user"": ""tnf"", ""content"": ""什麼有時候會多一兩個連結有時候又少一兩個連結...(納悶中)"", ""ipdatetime"": ""11/22 15:14""}, {""type"": ""推"", ""user"": ""fouraugust"", ""content"": ""謝T大,不過華南的優惠好像看不到了"", ""ipdatetime"": ""11/22 20:31""}, {""type"": ""→"", ""user"": ""fouraugust"", ""content"": ""外華南的CHF目前為0.26"", ""ipdatetime"": ""11/22 20:31""}, {""type"": ""→"", ""user"": ""fouraugust"", ""content"": ""HF點差為0.26"", ""ipdatetime"": ""11/22 20:32""}, {""type"": ""→"", ""user"": ""TZUYIC"", ""content"": ""解，先做紀錄，之後再一併修正，感恩您。"", ""ipdatetime"": ""11/22 21:15""}, {""type"": ""→"", ""user"": ""TZUYIC"", ""content"": ""S.其實圖片顯示的優惠我都放進表格中了，給圖只是作為參考"", ""ipdatetime"": ""11/22 21:20""}, {""type"": ""→"", ""user"": ""TZUYIC"", ""content"": ""   文獻之用，如果圖片連結失效，可以直接看表格，我再找"", ""ipdatetime"": ""11/22 21:23""}, {""type"": ""→"", ""user"": ""TZUYIC"", ""content"": ""  時間將所有的圖片連結更新為新的圖片空間（工程浩大）。"", ""ipdatetime"": ""11/22 21:26""}, {""type"": ""推"", ""user"": ""tnf"", ""content"": ""工程真的很浩大...TZ大加油~銀行版的大家需要你呀!!!(握拳)"", ""ipdatetime"": ""12/02 16:26""}, {""type"": ""→"", ""user"": ""tnf"", ""content"": ""9個連結失效...orz"", ""ipdatetime"": ""12/07 14:47""}, {""type"": ""→"", ""user"": ""tnf"", ""content"": ""上次的一樣~就不另轉寄連結了...以上報告..."", ""ipdatetime"": ""12/07 14:51""}, {""type"": ""推"", ""user"": ""fouraugust"", ""content"": ""謝T大,我也把全部連結點了一遍XD"", ""ipdatetime"": ""12/08 20:57""}, {""type"": ""→"", ""user"": ""tnf"", ""content"": ""上好棒!!!!越多人幫點，我每月就可以少點一點了.."", ""ipdatetime"": ""12/13 20:55""}, {""type"": ""→"", ""user"": ""tnf"", ""content"": ""然銀行版的大家就會少一篇置底精華文可以瀏覽了..."", ""ipdatetime"": ""12/13 21:02""}, {""type"": ""→"", ""user"": ""TZUYIC"", ""content"": ""新銀行今年不提供網銀外幣交易優惠給一般客戶了，剛才試"", ""ipdatetime"": ""01/05 10:24""}, {""type"": ""→"", ""user"": ""TZUYIC"", ""content"": ""一下發現以原價牌告匯率交易，這樣我就不用加入台新囉～"", ""ipdatetime"": ""01/05 10:25""}, {""type"": ""→"", ""user"": ""TZUYIC"", ""content"": ""消息：即日起至101年2月底，於星展網銀線上換外匯，享有"", ""ipdatetime"": ""01/05 10:41""}, {""type"": ""→"", ""user"": ""TZUYIC"", ""content"": ""金減3分、歐元減8分、澳幣減8分之優惠；登入網銀即可看見"", ""ipdatetime"": ""01/05 10:42""}, {""type"": ""→"", ""user"": ""TZUYIC"", ""content"": ""惠訊息。"", ""ipdatetime"": ""01/05 10:42""}, {""type"": ""→"", ""user"": ""TZUYIC"", ""content"": ""消息：渣打銀行網路銀行外匯交易優惠今年前半年持續，即"", ""ipdatetime"": ""01/05 10:45""}, {""type"": ""→"", ""user"": ""TZUYIC"", ""content"": ""起至101年6月29日，享9種外幣線上換匯優惠，詳情見："", ""ipdatetime"": ""01/05 10:46""}, {""type"": ""→"", ""user"": ""TZUYIC"", ""content"": ""ttp://tinyurl.com/7wrnvwx 活動網頁。"", ""ipdatetime"": ""01/05 10:46""}, {""type"": ""→"", ""user"": ""TZUYIC"", ""content"": ""（101）年，臺灣銀行及玉山銀行網銀外匯交易優惠皆持續～"", ""ipdatetime"": ""01/05 11:06""}, {""type"": ""→"", ""user"": ""TZUYIC"", ""content"": ""邦銀行網路銀行最新外幣交易優惠（登入網銀可看到）："", ""ipdatetime"": ""01/05 22:34""}, {""type"": ""→"", ""user"": ""TZUYIC"", ""content"": ""購美金、澳幣、紐幣牌告匯率減3分，結購歐元牌告減1角；"", ""ipdatetime"": ""01/05 22:35""}, {""type"": ""→"", ""user"": ""TZUYIC"", ""content"": ""售美金、澳幣、紐幣牌告匯率加3分，結購歐元牌告加1角。"", ""ipdatetime"": ""01/05 22:36""}, {""type"": ""→"", ""user"": ""TZUYIC"", ""content"": ""邦活動：http://www.ubot.com.tw/UB/2009_123/index.html"", ""ipdatetime"": ""01/06 12:03""}, {""type"": ""推"", ""user"": ""tnf"", ""content"": ""Z大~~p24合作金庫匯率加減碼優惠好像改了~~link壞了...XDDD"", ""ipdatetime"": ""01/06 14:04""}, {""type"": ""推"", ""user"": ""tnf"", ""content"": ""他的部分就還是一樣，截圖的部分有些連結失效，以上報告"", ""ipdatetime"": ""01/06 14:05""}, {""type"": ""→"", ""user"": ""tnf"", ""content"": ""月一點，完畢!!!"", ""ipdatetime"": ""01/06 14:06""}, {""type"": ""→"", ""user"": ""TZUYIC"", ""content"": ""的，先做筆記ing～感謝^^"", ""ipdatetime"": ""01/07 00:06""}, {""type"": ""推"", ""user"": ""liuring"", ""content"": ""像有錯唷...如果以澳幣兌台幣31,台銀0.2%是賣30.938(網)"", ""ipdatetime"": ""02/10 08:54""}, {""type"": ""→"", ""user"": ""liuring"", ""content"": ""惠6.2分....勝過玉山優惠5分...而且值愈大優惠愈多,應該"", ""ipdatetime"": ""02/10 08:55""}, {""type"": ""→"", ""user"": ""liuring"", ""content"": ""台銀大勝玉山吧"", ""ipdatetime"": ""02/10 08:56""}, {""type"": ""→"", ""user"": ""liuring"", ""content"": ""否要修改一下台銀玉山的優勝比較呢"", ""ipdatetime"": ""02/10 08:57""}, {""type"": ""→"", ""user"": ""TZUYIC"", ""content"": ""是比實際交易匯差（一來一往），不是指光比賣出或買入之"", ""ipdatetime"": ""02/10 09:17""}, {""type"": ""→"", ""user"": ""TZUYIC"", ""content"": ""中單項，再加上玉山澳幣原始匯差本身就比較小，所以一般"", ""ipdatetime"": ""02/10 09:18""}, {""type"": ""→"", ""user"": ""TZUYIC"", ""content"": ""戶玉山贏是沒有問題。"", ""ipdatetime"": ""02/10 09:18""}, {""type"": ""→"", ""user"": ""TZUYIC"", ""content"": ""的計算方式在文章裡都解釋過了，可以再看一下。:)"", ""ipdatetime"": ""02/10 09:19""}, {""type"": ""→"", ""user"": ""tnf"", ""content"": ""潰了~~這次多達36個圖連結失效~~orz..."", ""ipdatetime"": ""03/06 22:16""}, {""type"": ""推"", ""user"": ""maymaynow"", ""content"": ""！"", ""ipdatetime"": ""03/09 00:04""}, {""type"": ""推"", ""user"": ""gsuper"", ""content"": ""大已經 dominating 了"", ""ipdatetime"": ""04/01 21:31""}, {""type"": ""推"", ""user"": ""tnf"", ""content"": ""月一點完畢~~總共35個連結失效~~>\""<"", ""ipdatetime"": ""04/02 22:18""}, {""type"": ""→"", ""user"": ""tnf"", ""content"": ""update失效的網址給妳嗎??"", ""ipdatetime"": ""04/02 22:18""}, {""type"": ""→"", ""user"": ""tnf"", ""content"": ""天都不敢上線不敢點~我怕被愚人節了...XDDD"", ""ipdatetime"": ""04/02 22:20""}, {""type"": ""推"", ""user"": ""volia"", ""content"": ""略先看過~給讚!再來慢慢研究,感謝T大的辛勞。"", ""ipdatetime"": ""04/14 00:51""}, {""type"": ""→"", ""user"": ""tnf"", ""content"": ""月一點完畢~總共有36個連結失效~^^\"""", ""ipdatetime"": ""05/01 22:15""}, {""type"": ""→"", ""user"": ""tnf"", ""content"": ""次每月一點有像在玩樂透的感覺~點到沒失效的~在電腦前面喊"", ""ipdatetime"": ""05/01 22:16""}, {""type"": ""→"", ""user"": ""tnf"", ""content"": ""效有效有效耶~~(像是中樂透的感覺)，這是每月一點的新樂趣XD"", ""ipdatetime"": ""05/01 22:16""}, {""type"": ""推"", ""user"": ""tnf"", ""content"": ""上報告完畢..."", ""ipdatetime"": ""05/01 22:17""}, {""type"": ""推"", ""user"": ""smartboy"", ""content"": ""銀年初開始有新優惠 http://tinyurl.com/7kcwpjj"", ""ipdatetime"": ""05/12 16:47""}, {""type"": ""推"", ""user"": ""molalisa"", ""content"": ""看有推一下"", ""ipdatetime"": ""06/10 00:13""}, {""type"": ""→"", ""user"": ""TZUYIC"", ""content"": ""泰世華銀行網路銀行牌告匯率加減碼優惠："", ""ipdatetime"": ""06/11 14:21""}, {""type"": ""→"", ""user"": ""TZUYIC"", ""content"": ""ttp://tinyurl.com/2zqegj"", ""ipdatetime"": ""06/11 14:22""}, {""type"": ""推"", ""user"": ""b19880604"", ""content"": ""啦"", ""ipdatetime"": ""07/16 02:30""}, {""type"": ""推"", ""user"": ""darwin0711"", ""content"": ""恩 ,工程真的浩大啊..."", ""ipdatetime"": ""09/19 17:40""}, {""type"": ""→"", ""user"": ""TZUYIC"", ""content"": ""人民幣匯率出來再更新文章好了（一天拖過一天，快逃呀）"", ""ipdatetime"": ""02/05 20:07""}, {""type"": ""推"", ""user"": ""littlegreen"", ""content"": ""求人民幣整理版"", ""ipdatetime"": ""02/08 02:30""}, {""type"": ""→"", ""user"": ""westfour"", ""content"": ""中有excel表格懶得放  總之一般客戶開玉山就對了"", ""ipdatetime"": ""12/29 12:17""}, {""type"": ""→"", ""user"": ""westfour"", ""content"": ""浪費時間比了"", ""ipdatetime"": ""12/29 12:17""}, {""type"": ""推"", ""user"": ""mauricew"", ""content"": ""大可以加上人民幣嗎?"", ""ipdatetime"": ""01/13 10:29""}, {""type"": ""推"", ""user"": ""hot4321"", ""content"": ""推"", ""ipdatetime"": ""03/03 15:34""}, {""type"": ""推"", ""user"": ""lukeduke"", ""content"": ""謝! 這篇非常實用啊!"", ""ipdatetime"": ""03/25 10:56""}, {""type"": ""推"", ""user"": ""smashin"", ""content"": ""超詳細!大感謝!!!"", ""ipdatetime"": ""09/02 13:29""}, {""type"": ""推"", ""user"": ""jefflin555"", ""content"": ""這篇怎麼還沒爆?"", ""ipdatetime"": ""09/07 16:51""}, {""type"": ""推"", ""user"": ""jefflin555"", ""content"": ""我推"", ""ipdatetime"": ""09/08 08:14""}, {""type"": ""推"", ""user"": ""jefflin555"", ""content"": ""再推"", ""ipdatetime"": ""10/12 13:32""}, {""type"": ""→"", ""user"": ""jefflin555"", ""content"": ""補推"", ""ipdatetime"": ""10/13 16:10""}, {""type"": ""推"", ""user"": ""jefflin555"", ""content"": ""沒推到，XD"", ""ipdatetime"": ""10/13 16:30""}, {""type"": ""推"", ""user"": ""jefflin555"", ""content"": """", ""ipdatetime"": ""10/14 08:48""}, {""type"": ""推"", ""user"": ""jefflin555"", ""content"": ""爆!!!"", ""ipdatetime"": ""10/14 09:15""}, {""type"": ""推"", ""user"": ""BearFather"", ""content"": ""這篇常參考 持續大推"", ""ipdatetime"": ""12/14 01:29""}, {""type"": ""推"", ""user"": ""hiyida"", ""content"": ""這篇猛"", ""ipdatetime"": ""01/26 11:23""}, {""type"": ""推"", ""user"": ""seigaku00765"", ""content"": ""這篇太猛"", ""ipdatetime"": ""03/01 21:47""}, {""type"": ""推"", ""user"": ""lily268268"", ""content"": ""good"", ""ipdatetime"": ""03/05 17:38""}, {""type"": ""推"", ""user"": ""bms"", ""content"": ""推"", ""ipdatetime"": ""08/17 16:38""}, {""type"": ""→"", ""user"": ""TZUYIC"", ""content"": ""玉山網路銀行／行動銀行匯率優惠現在放在這裡喔："", ""ipdatetime"": ""08/22 10:16""}, {""type"": ""→"", ""user"": ""TZUYIC"", ""content"": ""http://tinyurl.com/pj28f9j"", ""ipdatetime"": ""08/22 10:16""}, {""type"": ""推"", ""user"": ""jammy50605"", ""content"": ""推"", ""ipdatetime"": ""10/18 22:25""}, {""type"": ""推"", ""user"": ""perrylieu"", ""content"": ""華南澳幣匯差是0.232,請修正一下"", ""ipdatetime"": ""01/07 09:38""}, {""type"": ""推"", ""user"": ""pinkygill"", ""content"": ""推"", ""ipdatetime"": ""03/10 17:07""}, {""type"": ""推"", ""user"": ""sisters"", ""content"": ""推"", ""ipdatetime"": ""03/18 22:39""}, {""type"": ""推"", ""user"": ""johnlin35"", ""content"": ""太用心了~感謝分享 :)"", ""ipdatetime"": ""03/20 21:45""}, {""type"": ""推"", ""user"": ""perrylieu"", ""content"": ""錯誤百出，也不會修正"", ""ipdatetime"": ""04/06 11:00""}, {""type"": ""→"", ""user"": ""perrylieu"", ""content"": ""我指的是匯差和網銀優惠"", ""ipdatetime"": ""04/06 11:01""}, {""type"": ""推"", ""user"": ""jefflin555"", ""content"": ""樓上那麼會，就請你出來發一篇 100% 正確的"", ""ipdatetime"": ""05/06 00:22""}, {""type"": ""推"", ""user"": ""justin0405"", ""content"": ""推！整理"", ""ipdatetime"": ""08/28 09:10""}, {""type"": ""推"", ""user"": ""peal"", ""content"": ""那買入跟賣出的 匯兌損失 有比較到嗎?匯兌損失比較重要吧"", ""ipdatetime"": ""11/17 19:40""}, {""type"": ""推"", ""user"": ""Hunting"", ""content"": ""peal.  t大那麼辛苦寫這一大篇不就都是在分析匯兌損失嗎"", ""ipdatetime"": ""02/02 15:46""}, {""type"": ""→"", ""user"": ""Hunting"", ""content"": "" = ="", ""ipdatetime"": ""02/02 15:46""}, {""type"": ""→"", ""user"": ""Hunting"", ""content"": ""匯兌損失=匯差呀"", ""ipdatetime"": ""02/02 15:46""}, {""type"": ""推"", ""user"": ""Juan17"", ""content"": ""推 這篇真是外匯入門寶典呀 感恩T大!!"", ""ipdatetime"": ""05/16 23:19""}, {""type"": ""推"", ""user"": ""tnf"", ""content"": ""把全部的連結都點一遍，但連結大部分都失效了~~~(掩面哭泣貌)"", ""ipdatetime"": ""06/19 22:38""}, {""type"": ""→"", ""user"": ""prussian"", ""content"": ""開外幣戶頭兩年以來，永豐美元即期匯率匯差永遠超過0.1"", ""ipdatetime"": ""07/31 21:32""}, {""type"": ""→"", ""user"": ""prussian"", ""content"": ""大部份在 0.105~0.125 之間飄，早就比大多數銀行都爛了"", ""ipdatetime"": ""07/31 21:32""}, {""type"": ""→"", ""user"": ""prussian"", ""content"": ""網銀還完全沒有優惠，反倒電話有，真不曉得活在哪個年代"", ""ipdatetime"": ""07/31 21:33""}, {""type"": ""噓"", ""user"": ""fisher790722"", ""content"": ""第一部分聯邦銀行的數據有錯。歐元匯率差是0.36，"", ""ipdatetime"": ""08/29 00:47""}, {""type"": ""→"", ""user"": ""fisher790722"", ""content"": ""澳幣是0.2"", ""ipdatetime"": ""08/29 00:47""}, {""type"": ""推"", ""user"": ""jefflin555"", ""content"": ""那麼會"", ""ipdatetime"": ""09/11 04:13""}, {""type"": ""推"", ""user"": ""IWD"", ""content"": ""很用心很棒的文章！非常感謝T大"", ""ipdatetime"": ""05/19 08:36""}, {""type"": ""→"", ""user"": ""lico000"", ""content"": ""新臺幣活期存款專案_公告 PDF檔"", ""ipdatetime"": ""08/09 04:13""}, {""type"": ""推"", ""user"": ""CCAP"", ""content"": ""整存"", ""ipdatetime"": ""10/22 21:11""}, {""type"": ""→"", ""user"": ""sh0428"", ""content"": ""所以55樓555 支持3？33。"", ""ipdatetime"": ""09/18 20:25""}, {""type"": ""推"", ""user"": ""popolili"", ""content"": ""謝謝"", ""ipdatetime"": ""01/29 20:11""}, {""type"": ""推"", ""user"": ""HCN"", ""content"": ""浩大工程！感謝先~~~~"", ""ipdatetime"": ""02/20 16:03""}, {""type"": ""推"", ""user"": ""Kevinren"", ""content"": ""感謝T大整理分享"", ""ipdatetime"": ""10/09 21:58""}, {""type"": ""→"", ""user"": ""aiyowaya"", ""content"": ""花旗的消費者 看看這個 再想想自己要不要支持這可能買主"", ""ipdatetime"": ""11/21 22:44""}, {""type"": ""→"", ""user"": ""SkyPtt"", ""content"": ""玉山日圓優惠0.0017了"", ""ipdatetime"": ""03/29 09:59""}, {""type"": ""→"", ""user"": ""SkyPtt"", ""content"": ""永豐是推匯優利定存取代匯率折讓，實際要算一下，但不致"", ""ipdatetime"": ""03/29 10:01""}, {""type"": ""→"", ""user"": ""SkyPtt"", ""content"": ""於太差"", ""ipdatetime"": ""03/29 10:01""}, {""type"": ""→"", ""user"": ""greencue"", ""content"": ""感謝大大整理"", ""ipdatetime"": ""04/25 15:03""}, {""type"": ""噓"", ""user"": ""m180"", ""content"": ""算這麼累不嫌累嗎"", ""ipdatetime"": ""05/16 10:53""}, {""type"": ""推"", ""user"": ""wisteriachi"", ""content"": ""感謝整理"", ""ipdatetime"": ""07/01 00:01""}, {""type"": ""推"", ""user"": ""chencu"", ""content"": ""推，很用心"", ""ipdatetime"": ""07/12 08:42""}, {""type"": ""→"", ""user"": ""YesNoter"", ""content"": ""感謝"", ""ipdatetime"": ""10/14 18:32""}, {""type"": ""推"", ""user"": ""jc0953489312"", ""content"": ""推"", ""ipdatetime"": ""10/20 09:05""}, {""type"": ""推"", ""user"": ""gn6824"", ""content"": ""感謝"", ""ipdatetime"": ""06/19 12:50""}, {""type"": ""噓"", ""user"": ""pinrain"", ""content"": "" 7"", ""ipdatetime"": ""10/06 11:10""}, {""type"": ""推"", ""user"": ""tonton0131"", ""content"": ""推！感謝"", ""ipdatetime"": ""12/19 21:07""}, {""type"": ""推"", ""user"": ""feisky"", ""content"": ""感恩推"", ""ipdatetime"": ""01/17 20:17""}]"
crazyghost ( ),Bank_Service,[公告] 銀行服務板 板規 2018.12.2,Sun Dec 16 00:19:43 2018,"銀行服務板 板規(2018.12.2版)


感謝各位對銀行服務板(Bank_Service)的支持與愛護。

希望本板是個充滿樂趣、和平且有具有深度與廣度的銀行服務板，
但仍需要制定相關板規來規範，
使用者於本版發文、推文者，即視為同意本板規之規定，並受本板規之拘束。

如在本板出現下列狀況，文章可能會被直接刪除、設定劣文或水桶處分；
累犯者，可能加重處分：


1.推文（包含推、噓文及→，以下皆同）表達看法，屬於言論自由，
  但如發文或推文內容有：挑釁、引戰、爭吵、詆毀他人或人身攻擊等言論，
  經板主們判定成立者，水桶一個月。


2.希望大家都能尊重其他板友們的推文意見，
  除了廣告、洩露個人資訊、或推文本身有違反板規、站規或法律等外，
  發文者請勿擅自刪除或修改他人之推文，違者水桶一個月。


3.發文及推文內容不可有謾罵、過分不雅言詞、過多注音或錯別字、
  言不及義等干擾本看板之事，違者水桶一個月。


4.有新的金融服務、理財文章或官方優惠情報，歡迎發文與板友們分享，
  但文章(包含簽名檔及暱稱)或推文中勿指定自己或特定人士的聯絡方式
  (包含提示、明示或暗示用站內信聯絡)，
  欲詳細瞭解請利用官方的客服詢問，也避免發生詐騙事件。

  發文或推文中有徵求業務人員、推薦業務人員、拉業務、廣告等
與個人業務業績相關之情事者，水桶一年。

  張貼新聞或官方情報請附上連結，違者板主可刪除文章。


5.依站方規定（ SYSOP 看板 #1QOArzZ7 ），本板嚴禁任何金錢交易、外幣外匯的交易
 (包含但不限於兌換、交換、代刷卡、代付款，單純詢問者亦同，
  包括簽名檔、暱稱及推文。有需求者請自洽往來金融機構或其他合法管道)，
  違者水桶一年，發文者並無條件設定劣文。

  嗣後站方如變更前開相關規定，於本板規修正前亦得依相關站規逕予處分。


6.禁止刊登非官方公告、廣告文(包含簽名檔、暱稱及推文)或以任何形式徵求任何
銀行或非銀行業務之推薦人或被推薦人，違者水桶六個月。


7.非關銀行板事務，不通知刪文，累犯者水桶一個月。


8.遭水桶處分之使用者，水桶期間禁止使用其他ID發表言論，若經查獲，
  板主得至組務板申請調查。


9.問卷調查限與銀行服務有關者。請先來信任一板主申請同意後始得發表，
  違者刪文，累犯者水桶一個月。


10.發文內容至少要滿三行、50字以上，
   以避免過度佔用版面。違者刪文，累犯者水桶一個月。


11.轉文須經原作同意，並標示出處，違者水桶一個月。


12.禁止張貼私人水球、信件與隱私相關資料，違者水桶一個月。


13.本板歡迎分享使用者銀行服務的體驗與客戶權益的經驗，
   但關於利息計算、轉帳次數計算等個人帳務問題，或官方網站已明列的
   相關客戶權益或注意事項釋疑，建議可優先洽詢官方客服處理。

   如發文所提問題屬上開個人帳務問題，或官方網站已載明的相關客戶權益或
注意事項(分享新活動者除外)，將予刪文，累犯者水桶一個月。


註:
1.板規中「銀行」或「依法得辦理銀行業務之金融事業」統稱為官方。
2.水桶期間依系統設定，一個月以30天計，二個月以60天計。

如認為對板規有可討論與修正的地方，歡迎來信討論與建議


                                2011.07.19 新增板規9

                                2012.05.01 新增板規10~12

                                2013.01.13 更新板規3

                                2018.02.01 依站規修訂板規5、新增板規13，
                                           並酌修各條文文字

                                2018.12.02 修訂板規4、6

                                                          板主群敬上

--",0,0,0,https://www.ptt.cc/bbs/Bank_Service/M.1544890785.A.0FB.html,[]
jasome (烏龍奶),Bank_Service,[公告] 發文請滿50字3行,Tue Feb  4 18:03:07 2020,"板規10 規定發文至少須滿50字，要滿3行。

近來發現有越來越多人違反此規定，板標也都有提示

也陸續有收到信件檢舉。

若有空，也會視情況推文提醒限時改善。


請板友發文時多加留意，謝謝。

--

我有敢於入世的膽量，下界的苦我要一概承擔。

--",0,1,55,https://www.ptt.cc/bbs/Bank_Service/M.1580810590.A.671.html,"[{""type"": ""→"", ""user"": ""crazyghost"", ""content"": ""2021.09.29 ritalin0328"", ""ipdatetime"": ""09/29 23:29""}, {""type"": ""→"", ""user"": ""crazyghost"", ""content"": ""2021.11.16 ssaymssik 累犯 水桶2個月"", ""ipdatetime"": ""11/17 23:22""}, {""type"": ""噓"", ""user"": ""top911"", ""content"": ""真混Y～"", ""ipdatetime"": ""12/13 03:30""}, {""type"": ""→"", ""user"": ""crazyghost"", ""content"": ""2022.01.16 CPBL"", ""ipdatetime"": ""01/16 09:45""}, {""type"": ""→"", ""user"": ""crazyghost"", ""content"": ""2022.06.24 love1987611"", ""ipdatetime"": ""06/24 00:56""}, {""type"": ""→"", ""user"": ""jasome"", ""content"": ""2022.07.01 asv1764"", ""ipdatetime"": ""07/01 09:13""}, {""type"": ""→"", ""user"": ""jasome"", ""content"": ""2022.07.25 ninjaxin"", ""ipdatetime"": ""07/27 01:44""}, {""type"": ""→"", ""user"": ""jasome"", ""content"": ""2022.07.25 doraqqqq"", ""ipdatetime"": ""07/27 01:45""}, {""type"": ""→"", ""user"": ""jasome"", ""content"": ""2022.07.27 suspect1"", ""ipdatetime"": ""07/27 22:54""}, {""type"": ""→"", ""user"": ""jasome"", ""content"": ""2022.07.31 charles0939"", ""ipdatetime"": ""07/31 01:06""}, {""type"": ""→"", ""user"": ""jasome"", ""content"": ""2022.08.21 TOP99 板規10"", ""ipdatetime"": ""08/21 08:46""}, {""type"": ""→"", ""user"": ""jasome"", ""content"": ""2022.08.31 k9120303"", ""ipdatetime"": ""08/31 22:40""}, {""type"": ""→"", ""user"": ""jasome"", ""content"": ""2022.09.25 a6000200"", ""ipdatetime"": ""09/25 10:55""}, {""type"": ""→"", ""user"": ""jasome"", ""content"": ""2022.09.28 jefflin555"", ""ipdatetime"": ""09/28 14:23""}, {""type"": ""→"", ""user"": ""jasome"", ""content"": ""2022.10.08 m180"", ""ipdatetime"": ""10/08 08:22""}, {""type"": ""→"", ""user"": ""jasome"", ""content"": ""2022.10.08 a09728347966"", ""ipdatetime"": ""10/09 00:20""}, {""type"": ""→"", ""user"": ""jasome"", ""content"": ""2022.10.12 ctr29"", ""ipdatetime"": ""10/12 00:42""}, {""type"": ""→"", ""user"": ""jasome"", ""content"": ""2022.10.17 banana321"", ""ipdatetime"": ""10/17 08:10""}, {""type"": ""→"", ""user"": ""jasome"", ""content"": ""2022.10.20 dilbertludan"", ""ipdatetime"": ""10/20 19:13""}, {""type"": ""→"", ""user"": ""jasome"", ""content"": ""2022.10.24 NTUSTEE118"", ""ipdatetime"": ""10/24 03:48""}, {""type"": ""→"", ""user"": ""jasome"", ""content"": ""2022.10.31 uctheshaved"", ""ipdatetime"": ""10/31 12:44""}, {""type"": ""→"", ""user"": ""jasome"", ""content"": ""2022.11.01 jack4215"", ""ipdatetime"": ""11/01 00:10""}, {""type"": ""→"", ""user"": ""jasome"", ""content"": ""2022.11.30 a316xxx"", ""ipdatetime"": ""12/02 16:03""}, {""type"": ""→"", ""user"": ""jasome"", ""content"": ""2022.12.01 Takadanobaba"", ""ipdatetime"": ""12/02 16:03""}, {""type"": ""→"", ""user"": ""jasome"", ""content"": ""2022.12.05 hihilove"", ""ipdatetime"": ""12/05 17:57""}, {""type"": ""→"", ""user"": ""crazyghost"", ""content"": ""2022.12.30 boa711211"", ""ipdatetime"": ""12/31 00:08""}, {""type"": ""→"", ""user"": ""crazyghost"", ""content"": ""2023.1.1 m180 (2篇 累犯水桶1個月)"", ""ipdatetime"": ""01/02 00:41""}, {""type"": ""→"", ""user"": ""jasome"", ""content"": ""2023.01.09 abetterman"", ""ipdatetime"": ""01/09 12:11""}, {""type"": ""→"", ""user"": ""jasome"", ""content"": ""2022.01.05 G4321"", ""ipdatetime"": ""01/18 00:39""}, {""type"": ""→"", ""user"": ""jasome"", ""content"": ""2023.03.01 hahawo"", ""ipdatetime"": ""03/02 12:06""}, {""type"": ""→"", ""user"": ""jasome"", ""content"": ""2023.03.04 MEOWWW"", ""ipdatetime"": ""03/04 10:58""}, {""type"": ""→"", ""user"": ""jasome"", ""content"": ""2023.03.16 s6733014"", ""ipdatetime"": ""03/16 16:27""}, {""type"": ""→"", ""user"": ""crazyghost"", ""content"": ""2023.3.18 bill6618"", ""ipdatetime"": ""03/18 23:17""}, {""type"": ""→"", ""user"": ""jasome"", ""content"": ""2023.03.28 imkiwiwi"", ""ipdatetime"": ""03/29 01:52""}, {""type"": ""→"", ""user"": ""jasome"", ""content"": ""2023.04.02 RTA"", ""ipdatetime"": ""04/02 13:49""}, {""type"": ""→"", ""user"": ""jasome"", ""content"": ""2023.04.01 ftank183"", ""ipdatetime"": ""04/02 13:50""}, {""type"": ""→"", ""user"": ""jasome"", ""content"": ""2023.04.06 jcjohny888"", ""ipdatetime"": ""04/06 14:53""}, {""type"": ""→"", ""user"": ""jasome"", ""content"": ""2023.04.11 cecilx"", ""ipdatetime"": ""04/11 21:00""}, {""type"": ""→"", ""user"": ""jasome"", ""content"": ""2023.04.15 nancy925"", ""ipdatetime"": ""04/15 17:15""}, {""type"": ""→"", ""user"": ""jasome"", ""content"": ""2023.05.07 ntoummd"", ""ipdatetime"": ""05/07 12:27""}, {""type"": ""→"", ""user"": ""jasome"", ""content"": ""2023.05.28 ninifion"", ""ipdatetime"": ""05/28 07:21""}, {""type"": ""→"", ""user"": ""jasome"", ""content"": ""2023.06.12 nxrandy"", ""ipdatetime"": ""06/13 00:08""}, {""type"": ""→"", ""user"": ""jasome"", ""content"": ""2023.06.20 chienting22"", ""ipdatetime"": ""06/20 22:15""}, {""type"": ""→"", ""user"": ""jasome"", ""content"": ""2023.06.25 chiu901"", ""ipdatetime"": ""06/25 12:16""}, {""type"": ""→"", ""user"": ""jasome"", ""content"": ""2023.08.01 jackyetr2003"", ""ipdatetime"": ""08/02 23:00""}, {""type"": ""→"", ""user"": ""jasome"", ""content"": ""2023.08.03 blue6308"", ""ipdatetime"": ""08/03 21:42""}, {""type"": ""→"", ""user"": ""jasome"", ""content"": ""2023.08.14 cashnick"", ""ipdatetime"": ""08/14 16:15""}, {""type"": ""→"", ""user"": ""jasome"", ""content"": ""2023.08.16 silenthillwu"", ""ipdatetime"": ""08/16 04:46""}, {""type"": ""→"", ""user"": ""jasome"", ""content"": ""2023.09.07 ej404"", ""ipdatetime"": ""09/07 20:25""}, {""type"": ""→"", ""user"": ""jasome"", ""content"": ""2023.09.29 cigxm"", ""ipdatetime"": ""09/29 14:31""}, {""type"": ""→"", ""user"": ""jasome"", ""content"": ""2023.10.16 windazn"", ""ipdatetime"": ""10/17 21:41""}, {""type"": ""→"", ""user"": ""jasome"", ""content"": ""2023.11.03 tewyliu0120"", ""ipdatetime"": ""11/03 17:21""}, {""type"": ""→"", ""user"": ""jasome"", ""content"": ""2023.11.16 brendan78"", ""ipdatetime"": ""11/17 17:45""}, {""type"": ""→"", ""user"": ""jasome"", ""content"": ""2023.12.14 baskettank"", ""ipdatetime"": ""12/14 18:45""}, {""type"": ""→"", ""user"": ""jasome"", ""content"": ""2023.12.30 johny888"", ""ipdatetime"": ""12/30 21:28""}, {""type"": ""→"", ""user"": ""jasome"", ""content"": ""2024.01.20 Kwazycupcake"", ""ipdatetime"": ""01/20 20:28""}]"
mmokmbdd (雨林),Bank_Service,[情報] 2024年數位帳戶優惠總整理,Mon Jan  1 20:17:15 2024,"文章建議使用電腦版觀看，並按鍵盤 PageDown 鍵瀏覽

新戶懶人包→https://i.imgur.com/oDX4QjT.png

舊戶懶人包→https://i.imgur.com/4WHMAPM.png












=============================================
００４台灣銀行  數位存款帳戶
https://wwwap.bot.com.tw/digital-deposit/

● 優惠期間：自 113 年 1 月 1 日起至 113 年 12 月 31 日止

● 存款 10 萬元(含)以內，按新臺幣定期儲蓄存款一年期一般機動利率加 0.36%計息
存款每日餘額未達起息金額者（新臺幣五千元），不計算當日存款利息；已達規定
起息金額者，其計息單位為新臺幣百元，未達百元者，不計算當日存款利息。


● 晶片金融卡於 ATM 進行跨行轉帳及跨行提款，每月享各 10 次免收手續費優惠。

● 網路銀行(含網路銀行隨身版 APP)跨行轉帳每月享 99 次免收手續費優惠。








=============================================
００５土地銀行  數位存款帳戶
https://ppt.cc/fAinfx

● 專案期間：113 年 1 月 1 日起 至 113 年 12 月 31 日止。

● 數位存款帳戶(限科目代號215)之活期儲蓄存款每日餘額新臺幣10萬元(含)以內，按新
臺幣定期儲蓄存款一年期一般機動利率+0.215%(目前為1.815%)優惠利率計息，以每日最
終餘額伍千元為計息起點，不滿伍千元者不予計息，超過計息起點者，以每日最終餘額並
以百元整數為計息單位。


● 跨行轉帳(含個人網路銀行、網路ATM、ATM)免手續費次數：每月10次。

● 跨行提款免手續費次數：每月 5 次。







=============================================
００６合作金庫  數位存款帳戶
https://reurl.cc/VjplaR

● 優惠期間：2024-01-01 ~ 2024-12-31

● 全新客戶：
   (1) 自開戶日起享6個月，每月跨行轉帳免手續費16次、跨行提款手續費8次，每月合
   計24次。
   (2) 轉換成一般存款帳戶後仍享本項優惠。

● 既有客戶：
   (1) 每月跨行轉帳免手續費6次、跨行提款手續費6 次，合計12次。
   (2) 轉換成一般存款帳戶後即不享本項優惠。


● 專案利率：年利率1.5%。

● 專案適用金額：新台幣12萬元整。
(註：逾12萬元部分，按本行一般活期儲蓄存款牌告利率計息。存款起息點為5仟元，計息
單位為元。)

=============================================
００７第一銀行　iLEO數位帳戶
https://webar.firstbank.com.tw/c000000979


● 優惠期間：即日起-2024/12/31

● 存款金額100-12萬(含)享2%高利活存，每月(當月最後一個營業日)付息一次

● 跨轉／跨提手續費優惠：每月跨轉免費10次、每月跨提10次












=============================================
００８華南銀行　SnY數位存款帳戶
https://event.hncb.com.tw/SnY/index.html

● 活動期間：自即日起至113年03月31日(含)止。

● 新臺幣10萬元(含)以下，享有2.3%活期儲蓄存款利率優惠。
   SnY帳戶起息額為新臺幣100元。

● 跨行提款每月前 10 筆免收手續費，第 11 筆起每筆手續費以新臺幣 5 元計收。
   跨行轉帳每月前 20 筆免收手續費，第 21 筆起每筆手續費以新臺幣 5 元計收。
   (限自家通路)










=============================================
００９彰化銀行　e財寶數位存款
https://www.bankchb.com/frontend/Digitalaccount/news-detail-21.html

● 活動期間：自民國 113 年 1 月 1 日起至民國 113 年 12 月 31 日止。

● 優惠限額 10 萬元以內，年利率按活期儲蓄存款（含薪資轉帳戶）掛牌加碼至固定
 0.8%計息，起息點為新臺幣一萬元，未達起息點者，不予計算當日存款利息；超過起息
點者，以百元為計息單位

加息任務:當月年利率符合以下列業務條件(1)、(2)、(3)，每項再加碼0.2%之優惠，合計
最高加碼0.8%
(1) 薪資轉入交易(2)本行信用卡消費(3)美元平均存款餘額1,000 元(含)以上。(4)換匯
交易

額度加碼：符合當月數位存款帳戶台幣活期存款平均餘額達新台幣 40 萬（含）元以上，
當月存戶可享優惠利率計息額度提升至 20 萬元，次月如未達上述條件時，則該月不提供
額度提升優惠。

● 跨行轉帳/提款手續費優惠：每月各享20次免收優惠


=============================================
０１１上海商銀　Cloud Bank
https://apply.scsb.com.tw/content/cloudbank/index.html

● 台幣專案：即日起至2024年6月30日止

● 台幣活存利率定期儲蓄存款一年期固定利率+0.36%。(限額20萬，條件加碼至30萬)計
   息之起息點訂為新臺幣壹萬元，並以百元為計息單位。

★加碼條件
❶登入網銀/行動APP
＋
❷前月最後一個營業日符合以下任一條件
I.設定數位帳戶代扣繳本行信用卡款
II.數位帳戶美金存款餘額≧USD1,000元

● 自動化通路(跨行提款/轉帳)免手續費優惠次數：每月10次





=============================================
０１２台北富邦  數位存款帳戶
https://www.fubon.com/banking/event/deposit/202401DSA/index.html

● 活動期間：113年1月1日~ 113年6月30日。

● 適用對象：「開戶成功日」前6個月內(180天) 未曾持有任何富邦有效存款帳戶之客戶


● 優惠期間：開戶成功日當日起算180天，適用優惠利率。

● 優惠限額：
   每日帳戶日終餘額新臺幣10萬元(含)以內適用專案利率2%
   超過新臺幣 10 萬元~新臺幣 15 萬元(含)以內之部分，適用專案優惠利率2.5%


● 活動內容：活動期間本行數位帳戶新舊戶皆享，跨行提款及跨行轉帳免手續費優惠

   跨行提款：5次/月
   跨行轉帳：10次/月(限本行通路)


=============================================
０１３國泰世華　青年子帳戶
https://www.cathaybk.com.tw/cathaybk/personal/campaigns/ebanking/youthspecial/

● 活動期間: 2024/1/2-2024/6/30
專案對象：25歲(含)以下，且持有效指定子帳戶者。

活動內容：指定子帳戶享專案期間新臺幣5萬元(含)內高利活存。（5千元起息)
- 新朋友限定: 3.5%高利活存
- 老朋友專屬: 3%高利活存


● 活動期間：2024/1/6-2024/7/5

活動內容：每月6日起於CUBE App中領取台幣跨轉優惠券，並使用CUBE App或CUBE網銀跨
行轉帳，每月享10次免手續費優惠






=============================================
０１６高雄銀行　雄Hoyaa數位帳戶
https://ssl.bok.com.tw/hoyaa/Hoyaa.html

● 專案期間：113年1月1日至113年12月31日。

● 10萬元以下利率1.5%。最低起息額為新臺幣活期儲蓄存款5,000元。每日存款最終餘額
之和（即總積數）先乘上其年利率，再除以計息天期即得利息額；新台幣以百元整數為計
息單位。

● 每月手續費優惠減免次數為跨行轉帳及跨行提款各5次。計算期間為當月1日至當月最
後一個曆日。










=============================================
０１７兆豐銀行  MegaLite
https://wwwfile.megabank.com.tw/event/megalite/event4.html

● 新優惠期間：113.01.01-113.12.31

● 新臺幣10萬元(含)內部分，享優惠活儲年利率，以「新臺幣定期儲蓄存款一年期一般
機動利率」加0.26％計息。每日最終餘額不滿新台幣100元者，不予計息；滿新台幣100
元者，以百元整數為計息單位。

● 同一身分證字號歸戶可享每月跨行轉帳及跨行提款各10次免手續費











=============================================
０４８王道銀行　O-Bank帳戶
https://www.o-bank.com/web/event/cm_integration_page/index.html

活動期間：2023/11/20~2024/03/29 20:00止

● 活動方案：凡活動期間內首次自他行轉(匯)入單筆新台幣5萬元(含)以上至新台幣活儲
帳戶者，即符合本專案資格，該帳戶自次一營業日起算六個月適用本專案優惠利率(限適
用乙次)。
註: 客戶自他行轉(匯)入本行證券交割存款帳戶(帳號末兩碼為99)不適用。
20萬內2%，20~50萬1.5%

● 跨行轉帳(含網銀及ATM)每月免費10次(ATM上限5次)

● 活動方案：活動期間內若您前一月之日均往來資產總金額達新臺幣5萬（含）以上，可
   享當月免費跨行提款3次優惠。

● 首次成功開立(帳戶正式啟用)O-Bank存款帳戶之個人新戶，可享以下新戶好禮：
   新臺幣高利活儲年利率6.66%限額NT$10萬(含)內，為期2個月。
   活動期間：2024/01/03-2024/04/01

https://www.o-bank.com/web/event/cm_108022801/index.html
=============================================
０５０臺灣企銀　數位存款帳戶
https://camp.tbb.com.tw/digital-deposit/

● 優惠期間自112.07.01-113.1.20

https://i.imgur.com/IVyU5VL.png

存款計息起點為一萬元整，每日存款最終餘額未達計息起點者，則不予計息。

● 以數位存款帳戶辦理跨行轉帳每月20次免手續費，或以數位存款帳戶之金融卡跨行提
   款每月12次免手續費

● 以本行數位存款帳戶綁定台灣Pay，不限金額，限消費扣款掃碼交易(不含轉帳購物)，
   每月首筆交易扣款成功後，即時回饋20元至交易帳戶。







=============================================
０５２渣打商銀  心幸福數位帳戶
https://service.standardchartered.com.tw/tw/ssl/campaign/casa/index.html

● 活動期間: 2023.12.21至2024.6.20

數位心幸福新戶，享活存年利率最高加碼至1.5%
每一客戶當月適用加碼優惠利率之資金以300萬元(含)為上限，超過300萬元之金額依本行
牌告之個人戶新台幣活期儲蓄存款帳戶利率計息。
https://i.imgur.com/NxkR7MM.png
https://i.imgur.com/XqhROdU.png

(若客戶於短期內有小額、連續、密集提領或轉帳等異常狀況發生，本行得隨時限制或終
止該客戶使用本活動手續費優惠之資格，並且得要求該客戶退還已使用之手續費金額。)







=============================================
０５４京城商銀　Goyee數位帳戶
https://goyee.ktb.com.tw/CUST/#/product/product1

● 每月跨行提款/轉帳各6次免手續費。優惠期間：2024/12/31止。

















=============================================
０８１滙豐銀行　運籌理財 One能戶
https://www.hsbc.com.tw/advance/

● 滙豐運籌理財專戶每月最低平均存款餘額須達等值新臺幣 50 萬元（含）以上

● 國內跨行提款/轉帳手續費，免費 30 次/月















=============================================
１０３新光銀行　OU數位新臺幣存款帳戶
https://www.skbank.com.tw/news/OUNEWS/863

● 專案期間：2024/01/01-2024/06/30

(1)任務一：OU數位新臺幣存款帳戶與本行合作之電子支付機構業者完成電子支付約定之
連結並進行儲值或付款交易者。
(2)任務二：完成任務一且設定申辦台灣票據交換所ACH代收代付業務(以下簡稱ACH)或自
非新光銀行之銀行/郵局帳戶單筆轉入達新臺幣2萬元(含)以上者。

開立OU數位新臺幣存款帳戶+任務一：年利率1.6%+活儲牌告0.6%

開立OU數位新臺幣存款帳戶+任務一+任務二：年利率1.8%+活儲牌告0.6%

● 每月跨行提款5次免費+每月跨行轉帳5次免費

新戶專案內容：
2024/01/01前從未申辦新光銀行任一存款帳戶並於專案期間首次成功開立「OU數位新臺幣
存款帳戶」於OU數位存款帳戶享有新臺幣7萬元內(含)年利率 5.48%計算之加碼優惠利率
，超過新臺幣7萬元存款金額，享以加碼年利率 0.25%(基礎利率)計算之專案優惠利率。

=============================================
１０８陽信銀行  iSunny數位存款帳戶
https://isunny.sunnybank.com.tw/dsa/index


● 每月5次免費跨行轉帳

● 每月5次免費跨行提款














=============================================
１４７三信商銀  數位存款帳戶
https://www.cotabank.com.tw/web/digiaccpromote/


● 每月10次跨行提款免手續費

● 每月60次跨行轉帳免手續費(限於「本行」網路銀行或網路/實體ATM進行跨行轉帳(不
含匯款交易)者適用。)













=============================================
７００中華郵政　數位存款帳戶
https://epost.post.gov.tw/pstDigit/home.html?


● 自112年1月起，使用本公司網路郵局、行動郵局、實體/網路ATM進行跨行轉帳，每月
   可享66次免手續費優惠。


● 於任務期間內完成以下任2項任務，次月即享跨行提款5次免手續費優惠（與薪資優惠
次數累加計算），任務期間計算方式為前月26日（含）至當月25日（含），例如，於7月
25日完成任務，可於8月享有優惠；於9月29日完成任務，則於11月享有優惠。


   1.「Acctlink連結數位存款帳戶」(儲值或付款達 1,000元以上)
   2.「 VISA刷卡」(單筆金額達1,000元以上)
   3.使用行動郵局APP繳交具有「劃撥帳號」及「寄款人代號/銷帳編號」之費用（如：
     信用卡款、保險費或電信費等各項費用）1次，金額不限。




=============================================
８０３聯邦銀行  NEW NEW BANK
https://web.ubot.com.tw/UB/new_bank_a/index.html

● 活動期間：113/01/21～113/07/20。

● 新戶：成功開戶當月完成「線上填寫財富管理KYC(風險承受度分析)任務」，「開戶當
月21日~次月20日」10萬元內享年利率8%。

   舊戶：活動逐月檢視，1月至6月任一月份當月擇一完成「信用卡任務」、「推薦開戶
任務」、「美金存款任務」或「貸款扣繳任務」(擇一任務完成即可)，於完成任務之次一
月份利息結算日，享年利率「優惠加碼1%」，合計「高利活儲2%」，享限額內年利率「高
利活儲3%」。



● (1)每月跨行提款享10次手續費0元優惠(原每筆5元)。
   (2)每月跨行轉帳(限於本行「New New Bank」數位帳戶專屬APP及本行ATM)享10次手續
費0元優惠(原每筆最高15元)。



=============================================
８０５遠東商銀　Bankee帳戶
https://www.bankee.com.tw/Bankee-2.html

● 基本年利率 1.31%

● 每月可享有Bankee數位存款帳戶6次跨行提款免手續費、6次跨行轉帳免手續費。

跨行提款及跨行轉帳手續費優惠次數計算基準：於當月月初第二個日曆日凌晨 00:00:00
起重新計算，並於次月第一個日曆日下午 23:59:59 失效。

● 活動期間：即日起-2024/06/30。

● 於活動期間任一月份內成功邀請1位(含)以上非Bankee會員之新戶，以推薦人之推薦碼
申請Bankee數位存款帳戶且開戶完成，則推薦人與被推薦人於次月21日起皆享NT$50,000
元額度內(含)2.6%優存利率6個月(基本利率1.31%，加碼1.29%)。






=============================================
８０６元大銀行　鑽金數位存款帳戶
https://www.yuantabank.com.tw/bankwebIMG/event/Bank_Act2024/WelcomeQ1/index.html


● 新戶見面禮：5次免跨行轉帳手續費優惠；使用期限為自客戶申辦元大銀行之個人網路
   銀行30天內有效(需登入)，不得延長。
● 每月登入禮：2次免跨行轉帳手續費優惠；使用期限為自當月首次登入後至當月月底止
   ，若客戶未將優惠於當月月底前使用完畢，則視同放棄該優惠，不得累計至次月。

*每月登入禮與新戶見面禮得累計，若客戶同時符合新戶見面禮與每月登入禮優惠資格，
當月最高可享7次免跨行轉帳手續費優惠。









=============================================
８０７永豐銀行　DAWHO數位帳戶
https://dawho.tw/

● 2024年1月1日至2024年6月30日
● 新戶開戶成功後至次月底前皆享有「大戶」等級。
客戶當月平均大戶財富達10萬元(含)以上，下個月即可升級為「大戶」等級

大戶：30萬(含)以下1.5%，30萬以上活儲牌告，免費跨提+跨轉20次
大大：免費跨提+跨轉10次












=============================================
８０８玉山銀行  數位存款帳戶
https://www.esunbank.com.tw/event/OpenAccount/marketing/index.html

● 每月臺幣跨行提款/轉帳免手續費各3次

















=============================================
８１０星展銀行  星禧數位帳戶
https://www.dbs.com.tw/personal-zh/deposits/your-accounts/millennial-account

● 限新開戶於本行總資產達新台幣200萬元以上(含)並申請成為星展豐盛理財客戶申辦

● 使用星展豐盛理財金融卡至國內ATM跨行提款可享每月無限次手續費減免優惠。豐盛理
財客戶透過ATM、網路銀行、行動銀行及電話銀行等自動化通路進行國內跨行轉帳亦可享
每月30次手續費減免優惠


(星禧數位帳戶所提供之手續費優惠，主要是為滿足客戶日常生活上各項正常交易之轉帳
及提款的需求，以提供客戶便利的服務。若客戶於短期內有小額、連續、密集提領或轉帳
等異常狀況發生，本行得隨時限制或終止該客戶使用本活動手續費優惠之資格，並且得要
求客戶退還已使用之手續費金額。)







=============================================
８１２台新銀行　Richart帳戶
https://richart.tw/TSDIB_RichartWeb/RC00/RC000000

● 提款免手續費( 5 次/月)

● 轉帳免手續費( 5 次/月)

專案期間：2024/01/02 - 2024/07/01
[ 新戶 ]利息：固定年利率3.2%
條件：台幣活存帳戶餘額大於$1
限額:10萬內

[ 舊戶 ]利息：固定年利率1.3%
條件：(擇一即可)
任務一：外幣活存餘額達2,000美元(含)以上 或 12,000人民幣(含)以上
任務二：透過Richart APP成功開立台新證券交割戶(台新證券罐)
任務三：將Richart新臺幣活期儲蓄存款帳戶設定為備用金授權扣款帳戶
限額:30萬內



=============================================
８２３將來銀行　NEXT BANK
https://bit.ly/3vhDI5g


專案期間：2024年01月01日至2024年03月31日。
新戶
5萬內1%，5萬～20萬 3.5%，20萬～無上限 0.75%
於本行完成開戶程序當日適用牌告利率，次一日適用本專案優惠利率，為期90天。

舊戶
5萬內1%，5萬～30萬 1.5%，30萬以上 1%

優惠期間：2024年1月1日至2024年6月30日

優惠期間於本行網路銀行及行動銀行辦理跨行轉帳交易，可享每月66次跨行轉帳免手續費
之優惠；於全台ATM進行跨行提款時，可享每月6次跨行提款免手續費之優惠；於全台ATM
辦理跨行存款時，可享每月1次跨行存款免手續費之優惠。




=============================================
８２４連線銀行　LINE Bank
https://www.linebank.com.tw/products/detail/01010010004

● 專案期間：民國113年1月3日起至民國113年3月31日

● 主帳戶之存款餘額於專案期間內皆享有活期儲蓄存款年利率加碼至0.63%之利率

● 專案內容：口袋帳戶之存款餘額(最高新台幣5萬元整)於專案期間內皆享有活期儲蓄存
款年利率加碼至1.5%之專案優惠利率，於專案結束時，利率回復至當時之活期儲蓄存款牌
告利率或新專案利率。

● 行動銀行跨行轉帳免手續費，每月 30 次

● 本行客戶持本行晶片金融卡於優惠期間至任一ATM提款，每月可享有5次免手續費。

(首頁→產品介紹→轉帳最高30次按了解更多→常見問題Q4、A4)





=============================================
８２６樂天銀行　樂天帳戶
https://www.rakuten-bank.com.tw/portal/product/twd-time-deposit

● 活動期間：2023/12/1~2024/3/31

● 於活動期間內，當月滿足以下任一條件，次月享活儲年利率加碼至1.35%，每日計息，
金額無上限。
(1)「連結帳戶付款」累積成功付款5次(含)以上。
(2)使用「本行App之 Pi 拍錢包連結帳戶付款」於PChome網購平台累積成功付款3次(含)
以上。
(3)設定本行帳戶為基富通基金平台之授權扣款帳戶。


● 跨行轉入回饋：所有會員等級皆享有每月一次自ATM或他行網銀轉入、存入本行帳戶，
次月1號可獲得跨行轉入手續費優惠新台幣15元回饋。






=============================================

--",100,0,21,https://www.ptt.cc/bbs/Bank_Service/M.1704111442.A.651.html,"[{""type"": ""推"", ""user"": ""jasome"", ""content"": ""感謝新年的一年仍持續整理 本篇置底m文"", ""ipdatetime"": ""01/01 20:25""}, {""type"": ""推"", ""user"": ""YIHE"", ""content"": ""推 喜歡這種簡單乾淨的排版"", ""ipdatetime"": ""01/01 20:32""}, {""type"": ""推"", ""user"": ""dadadadada"", ""content"": ""感謝整理"", ""ipdatetime"": ""01/01 20:40""}, {""type"": ""推"", ""user"": ""ivanami"", ""content"": ""感謝整理"", ""ipdatetime"": ""01/01 20:40""}, {""type"": ""推"", ""user"": ""danielhsu88"", ""content"": ""感謝整理"", ""ipdatetime"": ""01/01 20:55""}, {""type"": ""推"", ""user"": ""andy0055"", ""content"": ""感謝整理"", ""ipdatetime"": ""01/01 21:00""}, {""type"": ""推"", ""user"": ""Kazamatsuri"", ""content"": ""樂天前兩個條件改成成功付款-取消退貨退款次數會比較"", ""ipdatetime"": ""01/01 21:01""}, {""type"": ""→"", ""user"": ""Kazamatsuri"", ""content"": ""好 免得有人忘記扣掉下個月就沒了 XD"", ""ipdatetime"": ""01/01 21:01""}, {""type"": ""推"", ""user"": ""zo4j4"", ""content"": ""感謝"", ""ipdatetime"": ""01/01 21:02""}, {""type"": ""推"", ""user"": ""starwillow"", ""content"": ""謝謝整理"", ""ipdatetime"": ""01/01 21:02""}, {""type"": ""推"", ""user"": ""tn00725255"", ""content"": ""感謝整理"", ""ipdatetime"": ""01/01 21:10""}, {""type"": ""推"", ""user"": ""runrunkaka"", ""content"": ""感謝整理"", ""ipdatetime"": ""01/01 21:14""}, {""type"": ""→"", ""user"": ""Oggy"", ""content"": ""居然沒有 822"", ""ipdatetime"": ""01/01 21:23""}, {""type"": ""→"", ""user"": ""deersummer"", ""content"": ""謝謝整理。"", ""ipdatetime"": ""01/01 21:33""}, {""type"": ""推"", ""user"": ""kingsgame"", ""content"": ""謝謝 看來北富銀變舊戶就沒戲了..."", ""ipdatetime"": ""01/01 21:38""}, {""type"": ""推"", ""user"": ""vencoorty"", ""content"": ""感謝整理推，另問街利存算嗎？（只是還要解任務、等級"", ""ipdatetime"": ""01/01 21:47""}, {""type"": ""→"", ""user"": ""vencoorty"", ""content"": ""制）  XD"", ""ipdatetime"": ""01/01 21:47""}, {""type"": ""推"", ""user"": ""PitzMan"", ""content"": ""感謝費心整理分享LoL"", ""ipdatetime"": ""01/01 21:48""}, {""type"": ""推"", ""user"": ""vul3m6"", ""content"": ""感謝分享"", ""ipdatetime"": ""01/01 21:51""}, {""type"": ""推"", ""user"": ""debian99"", ""content"": ""推"", ""ipdatetime"": ""01/01 21:56""}, {""type"": ""→"", ""user"": ""CoffeeMoon"", ""content"": ""舊戶土銀以上的利率才值得存。"", ""ipdatetime"": ""01/01 22:05""}, {""type"": ""推"", ""user"": ""misu2718"", ""content"": ""實用！"", ""ipdatetime"": ""01/01 22:05""}, {""type"": ""推"", ""user"": ""chuck0629"", ""content"": ""感謝整理"", ""ipdatetime"": ""01/01 22:43""}, {""type"": ""推"", ""user"": ""hollowlife"", ""content"": ""謝謝"", ""ipdatetime"": ""01/01 22:53""}, {""type"": ""推"", ""user"": ""TimWater"", ""content"": ""感謝整理"", ""ipdatetime"": ""01/01 22:59""}, {""type"": ""推"", ""user"": ""woodous"", ""content"": ""謝謝整理"", ""ipdatetime"": ""01/01 22:59""}, {""type"": ""推"", ""user"": ""dip987"", ""content"": ""推熱心"", ""ipdatetime"": ""01/01 23:08""}, {""type"": ""推"", ""user"": ""khsjds"", ""content"": ""大戶還有信貸扣款帳戶的條件相對好達成"", ""ipdatetime"": ""01/01 23:19""}, {""type"": ""推"", ""user"": ""Kazamatsuri"", ""content"": ""822目前無任何優惠活動 lol"", ""ipdatetime"": ""01/01 23:25""}, {""type"": ""推"", ""user"": ""ivyhoney"", ""content"": ""聯邦有什麼新戶禮可以順便領嗎？"", ""ipdatetime"": ""01/01 23:40""}, {""type"": ""推"", ""user"": ""Mochida"", ""content"": ""推"", ""ipdatetime"": ""01/01 23:51""}, {""type"": ""推"", ""user"": ""chiahua7308"", ""content"": ""感謝整理"", ""ipdatetime"": ""01/02 00:15""}, {""type"": ""推"", ""user"": ""madcloud"", ""content"": ""推"", ""ipdatetime"": ""01/02 00:17""}, {""type"": ""推"", ""user"": ""cherry34"", ""content"": ""感謝整理 原po心想事成"", ""ipdatetime"": ""01/02 00:21""}, {""type"": ""推"", ""user"": ""lucky123820"", ""content"": ""推"", ""ipdatetime"": ""01/02 00:29""}, {""type"": ""推"", ""user"": ""yuwenmayday"", ""content"": ""感謝整理！"", ""ipdatetime"": ""01/02 00:33""}, {""type"": ""推"", ""user"": ""KingsWebber"", ""content"": ""感謝整理辛苦了"", ""ipdatetime"": ""01/02 00:50""}, {""type"": ""推"", ""user"": ""shizukada"", ""content"": ""感謝整理"", ""ipdatetime"": ""01/02 01:56""}, {""type"": ""推"", ""user"": ""ten0227"", ""content"": ""推"", ""ipdatetime"": ""01/02 02:16""}, {""type"": ""推"", ""user"": ""cents"", ""content"": ""推"", ""ipdatetime"": ""01/02 07:29""}, {""type"": ""→"", ""user"": ""toma186"", ""content"": ""整理推"", ""ipdatetime"": ""01/02 07:49""}, {""type"": ""推"", ""user"": ""tsuping"", ""content"": ""感謝整理"", ""ipdatetime"": ""01/02 08:54""}, {""type"": ""推"", ""user"": ""abobstar"", ""content"": ""感謝整理 辛苦了"", ""ipdatetime"": ""01/02 09:24""}, {""type"": ""推"", ""user"": ""BabyWolf"", ""content"": ""推"", ""ipdatetime"": ""01/02 09:41""}, {""type"": ""推"", ""user"": ""Kittyrong"", ""content"": ""感謝整理"", ""ipdatetime"": ""01/02 09:57""}, {""type"": ""推"", ""user"": ""zhennnnnn"", ""content"": ""推整理"", ""ipdatetime"": ""01/02 10:50""}, {""type"": ""推"", ""user"": ""xiaotee"", ""content"": ""感謝整理"", ""ipdatetime"": ""01/02 11:05""}, {""type"": ""推"", ""user"": ""s1011282"", ""content"": ""感謝整理"", ""ipdatetime"": ""01/02 12:08""}, {""type"": ""推"", ""user"": ""LoveMakeLove"", ""content"": ""感謝整理 將來繼續當大哥"", ""ipdatetime"": ""01/02 12:12""}, {""type"": ""推"", ""user"": ""TZUYIC"", ""content"": "" d(￣︶￣)b 讚啦！"", ""ipdatetime"": ""01/02 12:20""}, {""type"": ""推"", ""user"": ""shixi"", ""content"": ""感謝整理!"", ""ipdatetime"": ""01/02 12:37""}, {""type"": ""推"", ""user"": ""hcl45"", ""content"": ""推推推！每年就超需要用心整理的Po主"", ""ipdatetime"": ""01/02 13:57""}, {""type"": ""推"", ""user"": ""wsf"", ""content"": ""感恩整理"", ""ipdatetime"": ""01/02 14:10""}, {""type"": ""推"", ""user"": ""ThisIsNotKFC"", ""content"": ""感謝之類"", ""ipdatetime"": ""01/02 14:43""}, {""type"": ""→"", ""user"": ""ThisIsNotKFC"", ""content"": ""整理"", ""ipdatetime"": ""01/02 14:43""}, {""type"": ""推"", ""user"": ""johnny1976"", ""content"": ""實用"", ""ipdatetime"": ""01/02 15:02""}, {""type"": ""推"", ""user"": ""bombman1029"", ""content"": ""感謝整理"", ""ipdatetime"": ""01/02 15:40""}, {""type"": ""→"", ""user"": ""lf2net4589"", ""content"": ""新光開戶似乎還要一起辦信用卡才能?"", ""ipdatetime"": ""01/02 16:43""}, {""type"": ""推"", ""user"": ""mkcha"", ""content"": ""感恩"", ""ipdatetime"": ""01/02 16:56""}, {""type"": ""推"", ""user"": ""s9435027"", ""content"": ""台企銀使用台灣pay每月一次回饋20元。活動沒有延續？"", ""ipdatetime"": ""01/02 17:14""}, {""type"": ""推"", ""user"": ""steake"", ""content"": ""謝謝"", ""ipdatetime"": ""01/02 17:24""}, {""type"": ""推"", ""user"": ""bboy0223"", ""content"": ""口袋帳戶是不打算延續了嗎QQ"", ""ipdatetime"": ""01/02 17:52""}, {""type"": ""推"", ""user"": ""Kazamatsuri"", ""content"": ""新光開戶不用綁辦卡啊～"", ""ipdatetime"": ""01/02 17:55""}, {""type"": ""推"", ""user"": ""Kazamatsuri"", ""content"": ""台企銀活動到1/20，所以1/20前應該還可以再賺台灣Pay"", ""ipdatetime"": ""01/02 17:57""}, {""type"": ""→"", ""user"": ""Kazamatsuri"", ""content"": ""一次20吧？"", ""ipdatetime"": ""01/02 17:57""}, {""type"": ""推"", ""user"": ""jonse"", ""content"": ""感恩"", ""ipdatetime"": ""01/02 19:16""}, {""type"": ""推"", ""user"": ""papau"", ""content"": ""台企銀1/1用台灣pay消費 有回饋20元"", ""ipdatetime"": ""01/02 21:14""}, {""type"": ""推"", ""user"": ""ivansailu"", ""content"": ""同上，今日用台灣pay有回饋$20"", ""ipdatetime"": ""01/02 21:20""}, {""type"": ""推"", ""user"": ""janghow"", ""content"": ""推"", ""ipdatetime"": ""01/02 22:20""}, {""type"": ""推"", ""user"": ""taco20"", ""content"": ""王道好像變成6.6%兩個月"", ""ipdatetime"": ""01/03 01:09""}, {""type"": ""→"", ""user"": ""taco20"", ""content"": ""https://i.imgur.com/tXE5oB9.jpg"", ""ipdatetime"": ""01/03 01:10""}, {""type"": ""→"", ""user"": ""pc1234"", ""content"": ""額度那麼低，玩這種只是在浪費時間"", ""ipdatetime"": ""01/03 03:57""}, {""type"": ""推"", ""user"": ""chang0628"", ""content"": ""無上限只服Bankee 免解任務就是爽"", ""ipdatetime"": ""01/03 12:02""}, {""type"": ""推"", ""user"": ""irrealsu"", ""content"": ""推"", ""ipdatetime"": ""01/03 14:04""}, {""type"": ""推"", ""user"": ""racher"", ""content"": ""推"", ""ipdatetime"": ""01/03 19:03""}, {""type"": ""推"", ""user"": ""RusselFoo"", ""content"": ""感謝整理，今年繼續無腦放遠銀+永豐大戶"", ""ipdatetime"": ""01/04 14:48""}, {""type"": ""推"", ""user"": ""liago"", ""content"": ""感謝"", ""ipdatetime"": ""01/05 07:49""}, {""type"": ""推"", ""user"": ""CanDz"", ""content"": ""先推再說"", ""ipdatetime"": ""01/05 13:18""}, {""type"": ""推"", ""user"": ""karl60212"", ""content"": ""感恩BANKEE基礎利率不變，又省了搬磚的麻煩了"", ""ipdatetime"": ""01/05 15:30""}, {""type"": ""推"", ""user"": ""a8866442"", ""content"": ""推整理"", ""ipdatetime"": ""01/05 20:26""}, {""type"": ""→"", ""user"": ""pippen2002"", ""content"": ""推整哩! 但是都很爛! 繼續賺股票5M"", ""ipdatetime"": ""01/05 22:15""}, {""type"": ""推"", ""user"": ""ccryst"", ""content"": ""推感謝整理"", ""ipdatetime"": ""01/05 23:31""}, {""type"": ""推"", ""user"": ""daozai"", ""content"": ""推 感謝整理"", ""ipdatetime"": ""01/06 14:45""}, {""type"": ""推"", ""user"": ""prince1514"", ""content"": ""推整理"", ""ipdatetime"": ""01/06 15:19""}, {""type"": ""推"", ""user"": ""invidia"", ""content"": ""下面整理的滿清楚的"", ""ipdatetime"": ""01/07 10:26""}, {""type"": ""→"", ""user"": ""invidia"", ""content"": ""但不知為啥網頁版看圖會有點模糊"", ""ipdatetime"": ""01/07 10:26""}, {""type"": ""→"", ""user"": ""A1101166"", ""content"": ""圖的解析度沒有很高吧"", ""ipdatetime"": ""01/08 14:12""}, {""type"": ""推"", ""user"": ""smtownya"", ""content"": ""謝謝整理"", ""ipdatetime"": ""01/09 12:06""}, {""type"": ""推"", ""user"": ""bobboy8755"", ""content"": ""富邦"", ""ipdatetime"": ""01/10 10:26""}, {""type"": ""推"", ""user"": ""kkkk1234"", ""content"": ""台新還有街利存可玩 https://i.imgur.com/eZTIZNg.jpg"", ""ipdatetime"": ""01/10 17:23""}, {""type"": ""推"", ""user"": ""zsptl2011"", ""content"": ""感謝整理 彰銀真的是越改越爛 準備搬家"", ""ipdatetime"": ""01/12 15:25""}, {""type"": ""推"", ""user"": ""clv"", ""content"": ""為啥有3%"", ""ipdatetime"": ""01/12 20:14""}, {""type"": ""推"", ""user"": ""Kazamatsuri"", ""content"": ""街利存有條件可以5萬3%三個月"", ""ipdatetime"": ""01/12 23:11""}, {""type"": ""→"", ""user"": ""gcd68388"", ""content"": ""街利要升到尊爵等級不容易吧??"", ""ipdatetime"": ""01/14 23:34""}, {""type"": ""推"", ""user"": ""GiiBai5566"", ""content"": ""感謝大大整理！"", ""ipdatetime"": ""01/15 02:55""}, {""type"": ""推"", ""user"": ""wolfaith7"", ""content"": ""謝謝"", ""ipdatetime"": ""01/15 19:22""}, {""type"": ""推"", ""user"": ""ya981410"", ""content"": ""感謝整理！"", ""ipdatetime"": ""01/18 10:00""}, {""type"": ""推"", ""user"": ""woonotgay"", ""content"": ""水喔 今年大額依舊Bankee"", ""ipdatetime"": ""01/18 15:40""}, {""type"": ""推"", ""user"": ""wmkkin"", ""content"": ""感謝整理，活存繼續放遠銀"", ""ipdatetime"": ""01/18 19:07""}, {""type"": ""推"", ""user"": ""IN"", ""content"": ""王道的活動額度已滿"", ""ipdatetime"": ""01/19 09:18""}, {""type"": ""推"", ""user"": ""soul030403"", ""content"": ""今年很多變成舊戶了可以轉到Bankee"", ""ipdatetime"": ""01/19 12:13""}, {""type"": ""推"", ""user"": ""h4934170"", ""content"": ""其實1.31跟1.35真的沒差多少利息，直接存遠東最方便，"", ""ipdatetime"": ""01/19 18:38""}, {""type"": ""→"", ""user"": ""h4934170"", ""content"": ""降低忘記解任務的風險"", ""ipdatetime"": ""01/19 18:38""}, {""type"": ""推"", ""user"": ""clv"", ""content"": ""嘿啊 其實我想問的是做了什麼有街利3%"", ""ipdatetime"": ""01/19 18:55""}, {""type"": ""→"", ""user"": ""kkkk1234"", ""content"": ""https://i.imgur.com/FXWWP2h.png"", ""ipdatetime"": ""01/21 00:07""}, {""type"": ""推"", ""user"": ""Kouzi1019"", ""content"": ""免任務無上限我只服Bankee"", ""ipdatetime"": ""01/22 14:58""}, {""type"": ""推"", ""user"": ""olduck"", ""content"": ""王道網銀用電腦能登入嗎？一直重覆彈出Loading  (手機可)"", ""ipdatetime"": ""01/23 16:00""}, {""type"": ""推"", ""user"": ""Kazamatsuri"", ""content"": ""樂天其實用其中一個條件可以免消費有1.35%無上限啦XD"", ""ipdatetime"": ""01/24 20:17""}, {""type"": ""推"", ""user"": ""burnjun"", ""content"": ""謝謝整理 新光ou不錯 新戶6.08 舊戶也還有2.4%"", ""ipdatetime"": ""01/26 17:08""}, {""type"": ""推"", ""user"": ""Kazamatsuri"", ""content"": ""彰銀多了新戶2個月10萬3%了 XD"", ""ipdatetime"": ""01/28 03:13""}, {""type"": ""推"", ""user"": ""octopuso1c"", ""content"": ""今天發現彰銀新戶變成3%了"", ""ipdatetime"": ""01/28 12:02""}, {""type"": ""→"", ""user"": ""octopuso1c"", ""content"": ""不過2個月而已，要給不給的XD"", ""ipdatetime"": ""01/28 12:03""}, {""type"": ""推"", ""user"": ""msdie911545"", ""content"": ""請問臺灣銀行的使用者代碼是要自己拿卡去atm設定嗎"", ""ipdatetime"": ""02/01 02:02""}, {""type"": ""→"", ""user"": ""msdie911545"", ""content"": "" 只有卡片根本無法開卡跟登入..."", ""ipdatetime"": ""02/01 02:02""}, {""type"": ""推"", ""user"": ""nacyling"", ""content"": ""bankee變成只能app跨行轉帳了？早上被扣手續費XD"", ""ipdatetime"": ""02/01 08:20""}, {""type"": ""推"", ""user"": ""arthur70001"", ""content"": ""今年成功說服我爸媽開Bankee 終於不是存郵局了！！"", ""ipdatetime"": ""02/01 11:39""}, {""type"": ""推"", ""user"": ""VivianHu"", ""content"": ""弱弱問一下遠東Bankee推薦碼怎麼找...."", ""ipdatetime"": ""02/01 18:30""}, {""type"": ""推"", ""user"": ""a45321j"", ""content"": ""這裡不能偷渡推薦碼，直接到FB粉絲團看，或者用理財網紅"", ""ipdatetime"": ""02/02 12:36""}, {""type"": ""→"", ""user"": ""a45321j"", ""content"": ""的推薦碼都可以，個人覺得五萬額度其實還好重點是1.31%"", ""ipdatetime"": ""02/02 12:36""}, {""type"": ""→"", ""user"": ""a45321j"", ""content"": ""無上限"", ""ipdatetime"": ""02/02 12:37""}, {""type"": ""推"", ""user"": ""kentwwx"", ""content"": ""請收信，謝謝"", ""ipdatetime"": ""02/03 02:20""}]"
